session,predicted_company,ensemble_score,n_headlines,score_margin
0,Orevex Renewables,0.6512259109104889,3,0.3301273702538217
1,Halvav Brands,0.4513453183714399,2,0.15560969188942153
2,Kelvik Power,0.14142140478590864,6,0.2828428095718174
3,Talvix Holdings,0.5124889040847141,4,0.663941309663884
4,Zelval Energy,0.7243301039335008,2,0.7166905955635449
5,Nolvol Resources,0.7536231863694139,4,0.5012583242538672
6,Nolvav Commerce,0.4106708060375933,3,0.24900638979380166
7,Myrnep Technologies,0.5138031810208047,5,0.004516928274442056
8,Ilval Financial,0.8192561326927712,4,1.1165765179741285
9,Halvax Networks,0.6849601879935265,1,0.44705601678290946
10,Frelis Genomics,0.5992221292885636,3,0.09746934099773585
11,Wyrnik Sciences,0.7405810573556915,3,0.45365426742751774
12,Jorvis Fuels,0.4209995414599686,4,0.21102995110431164
13,Jorvyl Securities,0.706135572950072,2,0.9901969015928035
14,Frelis Genomics,0.7916777148201979,5,0.11833862058157396
15,Myrnep Technologies,0.5595359930322915,1,0.691383103366503
16,Nolvis Devices,0.43433556052315975,5,0.1025100043655543
17,Zrovex Industries,0.9407379310918906,1,0.8394807841895638
18,Strynal Industries,0.5492907002202252,2,0.4559720846363218
19,Plevik Energy,0.4848089619381877,2,0.5869783093059043
20,Brevep Systems,1.0546609867623356,4,1.0815024680419578
21,Jorvix Diagnostics,0.7930433424706208,1,0.2695116355477475
22,Plevum Partners,1.0140708158246434,3,1.0630880328132766
23,Holtar Stores,0.9487215528423852,4,1.1533799791348889
24,Crevex Labs,0.6575894787563293,6,0.5086969786241009
25,Brevep Systems,0.8932345498411751,3,0.4464536846367134
26,Jorval Trading,0.9212677966913639,4,0.6413672766187047
27,Grevel Diagnostics,0.26673788183201297,1,0.07883860105097143
28,Zelvel Capital,0.9327936929212818,3,1.071065332760928
29,Talvep Computing,0.5637184947103926,3,0.47544690180804206
30,Jorvyl Securities,1.1121406805437921,4,1.2737977776857863
31,Ixenis Outlets,1.0765813420994148,2,1.1441209666082286
32,Zelval Energy,0.7696642386646486,1,0.7749966016982897
33,Jorval Trading,0.3535316307551185,1,0.015241680202444652
34,Frelol Software,1.2091665136546712,3,1.50168958733257
35,Myrnon Therapeutics,0.6489063873905982,5,0.770359045413347
36,Dralol Computing,0.44930912826747166,1,0.4306818644339392
37,Frelol Software,0.9304113049676281,2,1.0348318777637275
38,Nolvol Resources,0.695089661899821,3,0.4543610580999058
39,Brevep Systems,0.59373847231484,2,0.7370375166210448
40,Crevex Labs,1.0448434814520722,4,0.935927547972499
41,Grevon Biotech,0.49240057918027136,2,0.3733887715560341
42,Halvax Networks,0.6675840792626541,3,0.05454185039115356
43,Brevep Systems,0.707106617732315,5,1.41421323546463
44,Wyrnik Sciences,0.7584138530278293,4,0.19645068909115937
45,Joval Brands,1.0928380330065512,6,1.3999812700671743
46,Nolvis Devices,0.4889561697214122,1,0.2629720052373922
47,Krevan Investments,0.7943792368382323,2,0.4852606741966342
48,Nolvis Devices,0.707106618272985,4,1.41421323654597
49,Halvax Networks,0.5684335502903474,5,0.04717557213314849
50,Plevyl Advisors,0.9819040895042893,2,1.0867890466501786
51,Wyrnik Sciences,0.9156599798243841,1,0.6115894976578611
52,Jovor Networks,0.35359484247862516,3,0.37560276069210957
53,Myrnep Technologies,0.6499922612415928,3,0.6386106042078912
54,Crevex Labs,0.9531382879292805,3,0.8668804617380406
55,Talvyn Goods,0.8528037883966106,3,0.28855079018261376
56,Zelvix Therapeutics,0.5544070762073414,2,0.5192013220378381
57,Talvep Computing,0.6966779865887311,3,0.2126880614830573
58,Xovep Stores,0.7413671628440293,1,0.6157130928487777
59,Myrnon Therapeutics,0.9244059006581651,3,0.6667899110892872
60,Halvax Networks,0.7366881415311294,3,0.8831743013041963
61,Relvan Software,0.8539337503647575,2,1.0197327161805696
62,Jorval Trading,0.70374726126392,1,0.19325703492932422
63,Urvel Grid,0.9086359769341679,1,0.49074457898279006
64,Urvel Grid,0.866980805814988,1,1.0821800378972477
65,Plevik Energy,0.9537251010261414,4,0.419233844315994
66,Zelvon Biosciences,0.3795145675230223,5,0.16863343916583753
67,Ulvon Renewables,0.4204749758798324,1,0.2830601663184872
68,Myrnon Therapeutics,0.8681905351177299,2,0.7904356858609478
69,Orevex Renewables,0.9564391654549395,1,1.0661157691747831
70,Ixenix Technologies,0.5253427465046087,2,0.26812123589601666
71,Nolvol Resources,0.8157970960526403,5,0.652964901012994
72,Kelvos Resources,0.9498584542239586,3,0.5375954660645622
73,Arnik Commerce,0.3505431663546465,2,0.00583036269533016
74,Plevyl Advisors,0.8450120260839499,2,0.29967610720144766
75,Varvov Retail,1.101515262444923,5,0.9153159697504455
76,Talvep Computing,0.8578043191945266,3,1.0351065870858203
77,Plevum Partners,0.14750655148153313,1,0.0545176164868546
78,Wyrnor Solutions,0.7764320745123579,6,0.15341688124724395
79,Wyrnik Sciences,0.4389506043560105,2,0.38685818282952233
80,Wrelal Financial,1.2728784550482914,4,1.176511842623354
81,Strynal Industries,0.8229052439922201,3,0.6139849427377733
82,Grevon Biotech,0.8370125046327738,4,0.3941676675672414
83,Plevyl Advisors,1.1049544272919312,4,0.9100288226796622
84,Myrnep Technologies,0.5590095884309743,1,0.3844739222219352
85,Zrovum Biopharma,0.3867749293599963,2,0.21808796449790885
86,Orevov Solutions,0.8228121257704868,3,0.507734225439638
87,Yorven Labs,0.6935393477278978,4,0.7456756343786579
88,Plevep Power,0.6835174263253366,3,0.27503695949385354
89,Holtar Stores,0.9776588900769467,8,1.022279798810145
90,Pleven Trading,0.8945582206895053,5,0.564433168066599
91,Xovep Stores,1.2760281740015746,4,1.414774042839752
92,Halvav Brands,0.9805718105237311,4,0.6865106533385443
93,Xovol Goods,0.5078108715608725,2,0.16547894956995396
94,Talvyn Goods,0.48303884316226714,2,0.1992958903819348
95,Plevum Partners,0.7455968063244423,2,0.5948334633422558
96,Holtum Asset,0.422363972615573,5,0.6335170915747365
97,Myrnep Technologies,0.8683096830643184,3,0.6086298642313042
98,Yorval Partners,0.4168737019351548,3,0.015217112049948633
99,Frelex Outlets,0.8091210471563761,1,0.6191472796989193
100,Plevum Partners,0.7044230072486003,2,0.8148477178066353
101,Zelvel Capital,0.5330607425891449,2,0.2258836566533663
102,Myrnep Technologies,0.7138369814773184,3,0.4028707681071927
103,Arnik Commerce,0.9556740525961921,3,0.9131780340860078
104,Yorval Partners,0.5523250240983486,1,0.39318608099331953
105,Frelol Software,0.9972692821214206,3,1.1415459477308336
106,Xelvol Biotech,0.7743671784985037,2,0.8090104869093815
107,Halvav Brands,0.5938297335600919,2,0.5602114656811337
108,Pleven Trading,1.214416365511323,5,1.388112423237078
109,Zelval Energy,0.5922217510158395,2,0.060807349413407485
110,Nolvav Commerce,0.8755255864179403,3,0.25302810575296697
111,Myrnep Technologies,0.7550541005481808,2,0.3756105468408565
112,Talvix Holdings,0.6677257954270571,1,0.6236148861276206
113,Talvep Computing,0.9047147448590009,2,0.4124850026957497
114,Halvax Networks,0.7322404088095353,1,0.6455222233275455
115,Ulvon Renewables,0.8243358021298484,2,0.5669963954438983
116,Prynis Systems,0.787006096200269,5,0.6528631957019664
117,Joval Brands,0.39110471828960314,1,0.032967708558622855
118,Krevum Pharmaceuticals,0.5266228617599784,1,0.18858512749022371
119,Plevep Power,0.8651189868091052,1,0.9669937229707162
120,Plevum Partners,0.8154877010452269,2,0.9485009570645802
121,Nolvav Commerce,1.042595996787846,4,0.7379160555507098
122,Wrelal Financial,0.7389442890757083,2,0.6142735548791
123,Halvax Networks,0.909770281859452,2,0.740503492036082
124,Relvos Biosciences,0.4469822887273397,1,0.27150206628721807
125,Calvis Sciences,0.9124093443301172,2,1.0702161819691103
126,Relvon Fuels,0.8356868408481337,2,1.0581578104928726
127,Yorval Partners,0.6533402849077116,2,0.5360820865614836
128,Volval Devices,0.8935949236248155,1,0.7297281429781364
129,Relvon Fuels,0.712058755770268,4,0.23999860855743138
130,Talvyn Goods,0.9554928713363505,3,0.7735443330117102
131,Jovik Asset,0.8436614324481364,5,0.377682337121609
132,Nolvol Resources,0.3535531787216885,3,0.7071063574433771
133,Jorval Trading,0.4860711587825682,1,0.08384897194253127
134,Ilval Financial,0.6231632545044937,1,0.5624809446106128
135,Nerven Grid,0.3586974362410751,4,0.31946629526680326
136,Ervan Capital,0.6423006746883593,4,0.037093241043060776
137,Talvep Computing,0.12129757210940025,1,0.05126422757220443
138,Strynal Industries,0.5303288543976544,3,1.0606577087953086
139,Plevep Power,0.3752478301484518,2,0.055869200242147865
140,Pleven Trading,0.08255754660625841,3,0.04323971484686198
141,Pleven Trading,0.6938442393490015,2,0.732872457352962
142,Zelvel Capital,0.5401885574398642,1,0.37170473838551993
143,Halven Investments,0.5870707372720376,1,0.2651142382302487
144,Orevex Renewables,0.8067244734890884,5,0.5654372629743847
145,Myrnep Technologies,0.9042406923344259,2,0.9242565342943261
146,Myrnep Technologies,0.5252480686743872,3,0.09940758116280435
147,Talvyn Goods,0.7061827353088227,1,0.6302457318342038
148,Frelol Software,0.7441796954424222,3,0.4072577238220186
149,Nerven Grid,0.6107028365393076,3,0.24566397952961888
150,Crevol Retail,1.1831871552716366,4,0.9274314863972808
151,Myrnon Therapeutics,0.9556620488643293,5,0.66220228863985
152,Jorval Trading,0.6013012545006908,3,0.4746264488219558
153,Holtar Stores,0.5107200797288759,3,0.484881855121473
154,Nolvis Devices,0.3535526576123001,3,0.7071053152246003
155,Orevex Renewables,0.7620010720292039,3,0.8006978226345812
156,Halvax Networks,0.8060191865049333,3,0.24994895496664982
157,Frelex Outlets,0.028867460292037905,1,0.0
158,Relvon Fuels,0.6203040156659585,1,0.42546751059292454
159,Zelval Energy,0.8527332320430953,6,0.2837315746624669
160,Jovik Asset,0.9969830123815777,2,0.9069567267533474
161,Zrovum Biopharma,1.1013009913714777,4,1.1421122177886471
162,Pleven Trading,0.6512701054118346,3,0.3321049699258669
163,Orevar Marketplace,0.45063935768547403,3,0.13054767609893436
164,Jovik Asset,0.7960655990099286,2,1.0080647418341986
165,Calvis Sciences,0.4868672844054539,3,0.46257653491018935
166,Ixenix Technologies,0.7991594595478722,4,0.8867672589130562
167,Yorven Labs,1.0890333532855627,4,0.6883013509342153
168,Plevik Energy,0.5381674503492185,2,0.787461846060419
169,Relvon Fuels,0.5021871693890549,4,0.5696244001181492
170,Orevex Renewables,0.9481219826621262,3,0.8362129933557467
171,Crevex Labs,0.7295211690105128,2,0.06598009306481434
172,Holtar Stores,1.0019959908352063,2,1.1340067863204801
173,Krevum Pharmaceuticals,0.5250067759756828,2,0.3838043166942255
174,Holtum Asset,0.6923947237202649,3,0.5017297736235343
175,Kelvik Power,0.6640857253003156,1,0.8052970262743575
176,Halvax Networks,0.6081966903926838,4,0.10809862187675401
177,Volval Devices,0.8047779956440079,2,0.7245690808345605
178,Yorvov Pharmaceuticals,0.5457223682537262,3,0.2712026535302865
179,Holtar Stores,0.7133706039006671,1,0.7532349014199171
180,Plevep Power,0.8302155678778071,5,0.30663784279232864
181,Zelvon Biosciences,0.4686915493998664,3,0.37103623785024703
182,Xovol Goods,0.7576298965672407,1,0.6930209489666879
183,Zrovov Advisors,0.852210822661083,3,0.7331075411778367
184,Nolvis Devices,1.046275651918653,4,1.3069299250501354
185,Frelol Software,1.021660888871398,6,0.9223581423234817
186,Calvis Sciences,0.8955236809021347,3,0.24984068391849068
187,Xovep Stores,0.324611659698711,2,0.3509239624246033
188,Orevar Marketplace,0.2274033882347561,1,0.19463977381148245
189,Arnik Commerce,0.7185884722635748,3,0.5694896309308595
190,Talvep Computing,1.0403459380266227,5,0.9180318651102406
191,Calvos Genomics,0.6980222419494727,4,0.3560579366138098
192,Talvyn Goods,0.5620020388874382,3,0.21384317856684054
193,Creven Securities,0.9982326610578869,8,0.608835514865923
194,Orevex Renewables,0.6382757439420331,3,0.40465490049153086
195,Relvon Fuels,0.9346078308394637,3,1.1435261808184698
196,Prynis Systems,0.7240167678381599,1,0.8735465131573303
197,Frelex Outlets,0.5934639665523456,3,0.028582222443712224
198,Ulvon Renewables,0.8053586672270651,1,0.8188996223803648
199,Xelvol Biotech,0.7502059893869906,2,0.6730745110907658
200,Plevik Energy,0.5912344343865006,4,0.1939619438754211
201,Frelex Outlets,0.2570850140231698,3,0.08376083677524254
202,Wyrnik Sciences,0.3461320448335703,2,0.08345076763609754
203,Arnos Marketplace,0.2886749414000247,1,0.0
204,Zrovex Industries,0.6779545879145661,2,0.6228951466560559
205,Talvyn Goods,0.9953416707902388,2,0.8384151657845649
206,Crevex Labs,0.7071064553918417,2,1.4142129107836834
207,Talvix Holdings,0.5434054836947398,4,0.1726609336018548
208,Frelex Outlets,0.6965411341744352,2,0.4466695989622422
209,Talvep Computing,0.6776682535188977,3,0.5451344676716167
210,Krevan Investments,1.0652899405847518,4,0.8982436130626972
211,Relvos Biosciences,0.9589318889774219,1,0.9063873732531439
212,Frelol Software,0.6304829732912445,2,0.4691780961392896
213,Nerval Biopharma,0.767169258690599,5,0.5627951738123222
214,Talvep Computing,0.5784597007918032,3,0.48314132724060554
215,Frelex Outlets,0.9156856753974832,5,0.6070101585900545
216,Xovol Goods,0.6031631809132645,2,0.8172951642410802
217,Urvel Grid,0.7009608925470576,1,0.9958228502514508
218,Plevum Partners,0.21238228212206567,3,0.26278483406017555
219,Jorvis Fuels,0.6920189767834884,1,0.5123415225822533
220,Frelis Genomics,0.7937384926872938,4,0.36494653043144826
221,Dralol Computing,0.5105229251375023,2,0.0998034339872117
222,Kelvik Power,0.5265913015313151,2,0.08984768846414404
223,Creven Securities,0.5709504427037815,1,0.5945585079095844
224,Plevep Power,0.5964854304703346,2,0.6022768750058458
225,Jovik Asset,0.32091098583833405,4,0.2071915629139983
226,Plevep Power,0.9052598424657411,3,0.8241838821452119
227,Halvax Networks,0.6611913324158972,4,0.8759153815294796
228,Nolvis Devices,0.9182922471640322,5,0.4027890380087955
229,Jorvix Diagnostics,0.9378194431998457,4,0.8835874206872268
230,Zelval Energy,0.5303297910251649,3,1.0606595820503297
231,Ulvyn Microchips,0.7548014234676669,4,0.8135372945160904
232,Jovor Networks,0.7536171152977451,4,0.5433514366761887
233,Holtar Stores,0.8704968133750322,3,0.10990985212303639
234,Relvos Biosciences,0.6102742989687439,2,0.38815160513225266
235,Orevex Renewables,0.10492857265192923,4,0.1408111813722616
236,Jovor Networks,0.8622998840605649,1,0.823787752605299
237,Brevon Microchips,0.5554539516226481,2,0.06525999247414199
238,Wyrnik Sciences,1.1131589900746726,6,1.618997952402196
239,Strynal Industries,0.634801822507923,2,0.0614839454833197
240,Yorval Partners,0.8021283350317383,1,0.7910988967029757
241,Talvix Holdings,0.7968139599470226,3,0.15681674098312093
242,Joval Brands,0.8963865586612706,4,0.6937954235973605
243,Jovor Networks,0.8076597760235211,1,0.807650991085123
244,Talvyn Goods,1.108993464174372,4,0.8431855260091876
245,Arnik Commerce,1.2737544034342858,4,1.1401434043911358
246,Dralol Computing,0.9385798257558033,6,1.2498396958392315
247,Nerven Grid,1.2725681197396441,6,1.3342837732128365
248,Ulvyn Microchips,1.2644624225116141,3,1.4280608865765991
249,Orevov Solutions,1.3910139656669331,3,1.6678895002464584
250,Relvon Fuels,0.8207820706101179,1,0.7400838969946028
251,Krevum Pharmaceuticals,0.6985164695015927,1,0.3252249435792972
252,Nolvav Commerce,0.353553059240722,2,0.707106118481444
253,Zelvix Therapeutics,0.8266307636181793,4,0.6759498412261322
254,Halvax Networks,0.7466657719745312,1,0.7461271269019272
255,Kelvik Power,0.3467006574684181,3,0.056304973404282255
256,Talvep Computing,0.6510141404943852,3,0.8976277151695164
257,Halven Investments,0.35084795739546554,3,0.3229220287003421
258,Nerval Biopharma,0.8333018504622377,1,0.6390715087790246
259,Crevex Labs,1.0248227280403126,3,0.8299055470888005
260,Varvov Retail,0.6877659626885844,3,0.43561396609488845
261,Volval Devices,0.20997193573207856,5,0.20391425857130555
262,Wyrnik Sciences,0.3742538223542031,3,0.04426085962560944
263,Jovik Asset,0.6879832775066894,2,0.5160892033410751
264,Jovik Asset,0.8535684422243822,2,0.6591717889333375
265,Talvep Computing,0.5365403265255437,2,0.27223630121484144
266,Frelol Software,0.8097449945800799,2,0.999202345106361
267,Orevex Renewables,1.2579915898563878,3,1.215862230613073
268,Ixenis Outlets,0.8627885851801652,6,1.1701218929458048
269,Wyrnik Sciences,0.5385172320080134,3,0.40528898453967327
270,Orevar Marketplace,0.5064738425140266,4,0.1326542018013524
271,Frelol Software,0.1607784739905667,4,0.0041147890779716645
272,Jovik Asset,0.48560338846997564,2,0.10791509064665128
273,Brevon Microchips,0.8704534132188858,2,0.7985033922122455
274,Crevex Labs,0.17493701981017934,2,0.036505427520734324
275,Strynal Industries,0.751859736373364,2,0.19233853815059176
276,Talvyn Goods,1.2758394912246296,6,1.5111816188922411
277,Myrnep Technologies,0.35713671489854004,2,0.3453062917414884
278,Orevar Marketplace,1.230236565755106,5,1.3284172510351289
279,Nolvol Resources,1.0397789422015513,2,0.6417485732374166
280,Talvyn Goods,0.9112588567623133,3,0.6242384369100076
281,Frelol Software,0.5149960530808666,2,0.1640032147178117
282,Grevon Biotech,0.6581482025226709,3,0.2608486415009312
283,Yorven Labs,1.05863943487209,4,1.2776384711693518
284,Joval Brands,0.33605904065536774,2,0.03630918077211198
285,Halven Investments,0.48430962480171463,3,0.04058932914747876
286,Yorven Labs,0.21989498135965602,3,0.013864127728368092
287,Ulvon Renewables,0.6674968519071016,6,0.20364054821894573
288,Pleven Trading,0.6404146448659688,3,0.05575969911654344
289,Halvix Holdings,0.12865257165542987,1,0.17033140170216937
290,Nolvav Commerce,0.5046635337535346,3,0.32277484222252645
291,Myrnep Technologies,0.43110439887340596,1,0.2000301298515007
292,Varvov Retail,0.6864317176044304,3,0.6396306795215553
293,Zelvon Biosciences,0.22617141709118185,3,0.01085862703506063
294,Dralol Computing,0.49538597561319214,4,0.06189004261918779
295,Jorvis Fuels,1.0042833128940394,6,0.4870324242726968
296,Jorvix Diagnostics,1.358729300947966,5,1.4303333234872906
297,Creven Securities,0.1798788919959227,2,0.1874721969597911
298,Talvyn Goods,0.88979450953349,4,0.5321618377920858
299,Relvan Software,0.8514474335995393,6,0.4919664645458903
300,Crevol Retail,0.09067304080475816,2,0.07153900239988482
301,Halvix Holdings,0.5395375683683876,2,0.09913692792045459
302,Arnos Marketplace,0.5043603036667484,3,0.7179585476608547
303,Talvep Computing,0.8605280696716374,1,0.9082562447333278
304,Orevar Marketplace,0.3592557233204272,1,0.011414600917279638
305,Brevon Microchips,0.18428312599236335,2,0.25349402314900404
306,Crevol Retail,0.9748499236619363,2,0.4761022739891486
307,Zrovov Advisors,1.1037910580314483,4,0.6288528285567787
308,Pleven Trading,0.24907648998428644,3,0.37262610529063617
309,Plevik Energy,0.7857674983148543,4,0.0251094012828037
310,Brevep Systems,0.6237534268654024,4,0.5342695460710349
311,Ixenix Technologies,0.8173515260035791,1,1.0293609707835645
312,Dralol Computing,0.6832229895254512,2,0.7351268320503473
313,Jorvyl Securities,0.4879422012319795,4,0.16850184587401462
314,Relvos Biosciences,0.48448667348679453,2,0.11101404032432877
315,Grevon Biotech,0.3339492843657128,4,0.11543474842727267
316,Ilval Financial,0.5784639640819044,2,0.3624656775619259
317,Relvos Biosciences,1.2524906086023315,4,1.2021523160699648
318,Joval Brands,0.5253014142025738,10,0.1480793219907548
319,Relvos Biosciences,0.832194581146255,1,0.8526229502721809
320,Xovol Goods,0.5516439826414402,4,0.02977571271349233
321,Grevon Biotech,0.47894390655639185,1,0.28652056647346147
322,Calvos Genomics,1.0283083880087256,2,1.118014417578276
323,Jorvyl Securities,0.678679874707963,2,0.44896472130511883
324,Ulvon Renewables,0.7584722940745178,1,0.5442491782136186
325,Brevep Systems,0.9728332086819558,2,1.0778637922266707
326,Crevol Retail,0.524917893696741,2,0.24160332456343064
327,Frelis Genomics,1.092234843698231,5,1.1602967050572468
328,Xelvol Biotech,0.6759924371393792,3,0.15652090241583128
329,Arnos Marketplace,0.7143373662882951,3,0.10750823262848153
330,Varvov Retail,0.6156973683235606,4,0.199103896664533
331,Zelvel Capital,1.0442614126435124,5,1.5322797464953948
332,Relvos Biosciences,0.7071064260436846,3,1.4142128520873694
333,Zelvon Biosciences,0.707106589348342,5,1.414213178696684
334,Relvan Software,1.0644030799350315,2,1.015904300948602
335,Plevep Power,0.5817606228459592,2,0.4779486865460105
336,Xovol Goods,0.798270239710466,1,0.7214588737741022
337,Nerven Grid,0.2616501585438803,3,0.08792061306259544
338,Ixenix Technologies,0.7547605948283874,3,0.6380841103256247
339,Prynis Systems,0.47773465400612847,3,0.11957310260854703
340,Nolvav Commerce,0.8181056391663588,2,0.4836456825605668
341,Holtar Stores,0.7227516846800731,1,0.6074817043427028
342,Zrovex Industries,0.5954021459234521,3,0.7390466420757729
343,Plevep Power,0.915926990448557,4,1.096420535132945
344,Kelvik Power,0.7705318229933713,2,0.8719573745703117
345,Ulvon Renewables,0.494462559732591,1,0.6545120296933837
346,Brevon Microchips,0.7383418721345177,1,0.8716415040050595
347,Zelvon Biosciences,0.595012814997071,3,0.0945521493721232
348,Kelvik Power,0.8767905929868578,3,0.7929619440951232
349,Myrnep Technologies,0.717851529460935,2,0.355718647722276
350,Urvel Grid,0.9483648253381602,3,0.9483341925647903
351,Ixenis Outlets,0.8014683454481786,3,0.24819148570348304
352,Xovep Stores,0.631420291540552,2,0.25241135682511157
353,Zelvon Biosciences,0.6921254265260297,3,0.3600625961752061
354,Jorvis Fuels,1.362518708115762,4,1.2902064796736055
355,Ixenix Technologies,0.620617306653725,1,0.4011986362461373
356,Holtum Asset,0.6627343920537646,1,0.515233383696955
357,Nolvis Devices,0.6527313976631991,3,0.05610616342748387
358,Jorval Trading,0.7009066874194811,5,0.09190758435342294
359,Grevon Biotech,0.8628063929467051,5,0.6680385983880476
360,Xovep Stores,0.720877940840992,1,0.5365829470463834
361,Ilval Financial,0.2121316018335982,3,0.4242632036671964
362,Jorvix Diagnostics,0.1471672069945631,2,0.02880026874556786
363,Jovik Asset,1.0240677831635059,2,0.8194422600649754
364,Varvov Retail,0.8750492842797033,4,0.5757847249163498
365,Nerval Biopharma,0.7689610154218097,1,0.8746968417927936
366,Nolvol Resources,0.5322816067877154,1,0.19430918665937696
367,Talvep Computing,0.2474875752916969,3,0.4949751505833938
368,Orevov Solutions,0.9250847594139715,2,1.0841623309850315
369,Plevep Power,0.6637975019527332,1,0.4815391889154374
370,Xovep Stores,0.8575432910524606,4,0.5805219655064588
371,Urvel Grid,0.8681346352719872,1,0.8399896967647515
372,Nolvol Resources,0.5743818113534971,2,0.39133365347849736
373,Zelval Energy,0.6902215029520724,4,0.56453192764278
374,Ulvon Renewables,0.6938089260478079,4,0.11639027309066452
375,Crevex Labs,0.5273852521961693,1,0.11073937834846959
376,Wyrnik Sciences,0.2714542592339797,6,0.17461562571855394
377,Kelvik Power,0.9759600692286344,4,1.0839204438180439
378,Orevar Marketplace,0.8028588960659957,1,0.6217246098316084
379,Joval Brands,1.2248985026823824,4,1.507755078068326
380,Volval Devices,0.6764787386656993,2,0.10950087181413459
381,Nerven Grid,1.0548684837894438,4,0.9299148232693135
382,Arnik Commerce,0.4764339985333182,3,0.6415605019611952
383,Zrovum Biopharma,0.5709322679226861,2,0.2933114769146197
384,Myrnep Technologies,0.7305728641674123,3,0.42803146794269487
385,Jovor Networks,0.6641470913617331,2,0.06093656640561307
386,Jorvix Diagnostics,0.36660541238934996,6,0.11634741523458658
387,Myrnon Therapeutics,0.5909759599659893,2,0.6132464559967288
388,Wyrnik Sciences,0.606422953146826,1,0.7872637316878905
389,Dralol Computing,0.41958523884271176,2,0.4660753155244194
390,Frelol Software,0.9034562057239122,5,1.3167608827207127
391,Plevum Partners,0.8138955645671729,1,0.9166397150005444
392,Ervan Capital,0.35355286698842014,1,0.7071057339768404
393,Xovep Stores,1.0036524637382243,2,1.2326897973721056
394,Halven Investments,0.35355299644410854,1,0.707105992888217
395,Ervan Capital,0.9215007345939964,5,0.8360154641376751
396,Zelvon Biosciences,0.3535531944963153,2,0.7071063889926306
397,Urvel Grid,0.42228824826869166,3,0.5856428041324069
398,Varvov Retail,1.0872005718122342,3,1.1775235768108967
399,Relvon Fuels,0.3021603128994632,1,0.041255737073449816
400,Strynal Industries,0.7463980000815642,4,0.12816752402516662
401,Zelvel Capital,1.1501898518729625,2,1.157221645499399
402,Plevep Power,0.7944282093863748,2,0.4812160816677985
403,Crevol Retail,0.7262970774585706,1,0.6678674887891838
404,Prynis Systems,0.35353870669788534,2,0.7070774133957691
405,Plevik Energy,0.9916575906596299,2,1.19050529140234
406,Myrnep Technologies,0.6360714086205596,2,0.22820764840875918
407,Frelol Software,1.2052483305178683,6,1.1145979213903143
408,Jorval Trading,0.8652794186456809,1,0.9701806830063907
409,Brevon Microchips,0.234767539133154,1,0.07962133146977649
410,Creven Securities,0.7436467855128772,4,0.13626677981186452
411,Frelol Software,0.6998154728345023,1,0.5918257790667807
412,Crevol Retail,0.5625911064357737,2,0.42516448521105477
413,Nolvol Resources,0.45698277156531686,1,0.07574391627523713
414,Volval Devices,0.713405702710876,3,0.6718729845917022
415,Relvan Software,0.8782085409798974,3,0.537174014307644
416,Jorvix Diagnostics,0.506914939085759,3,0.028001607711443777
417,Frelol Software,0.42214622211433595,3,0.117806367840956
418,Nolvol Resources,0.579661796401562,2,0.33504547376615
419,Jorvyl Securities,0.9158286745726065,3,0.6637627948851094
420,Jorvix Diagnostics,0.5892312567084196,5,0.5319116327797754
421,Wyrnor Solutions,0.6383743708816352,1,0.6595078821603275
422,Jorvyl Securities,0.43253107783218253,3,0.3813043749815661
423,Creven Securities,0.07072109274578735,2,0.14144218549156828
424,Kelvos Resources,0.9302335212088048,4,0.7667768782333092
425,Wrelal Financial,0.6732185702981499,1,0.03717778000941219
426,Arnos Marketplace,0.8692476378116416,7,0.8175959975711331
427,Relvos Biosciences,0.7071066275458012,3,1.4142132550916025
428,Yorval Partners,0.7011240479079954,2,0.5046273826031042
429,Yorvov Pharmaceuticals,0.8298750601560518,4,0.262328393489218
430,Calvos Genomics,0.4465527939369547,3,0.07710430877371416
431,Calvis Sciences,1.0875431619501488,6,1.2217322893013112
432,Zelvix Therapeutics,0.641781761045778,1,0.7273101829639037
433,Prynis Systems,0.48325785163020213,1,0.5339841951168549
434,Brevep Systems,0.6819415306655443,2,0.5844674235998135
435,Jorvix Diagnostics,0.7407804211645939,2,0.3832548236296569
436,Jovor Networks,0.7175880085694715,4,0.6808986744736565
437,Zrovum Biopharma,0.8679559069257097,4,0.7880860151102929
438,Holtar Stores,0.02886752431720377,1,0.0
439,Zelvel Capital,0.40038765309280555,1,0.1188170525176605
440,Relvos Biosciences,0.49941048740894634,2,0.17998983415665654
441,Kelvik Power,0.366604203064806,4,0.04252740867565952
442,Nolvav Commerce,0.853652040125885,5,0.6626039972706308
443,Holtar Stores,0.7052909936889722,1,0.6235614328651073
444,Zelvel Capital,0.36963912598542314,5,0.2809913935127315
445,Orevov Solutions,0.5349425172970089,8,0.29479620760676506
446,Orevov Solutions,0.9054982104075981,3,0.18105698987731556
447,Orevar Marketplace,0.42426405465698325,6,0.8485281093139665
448,Yorvov Pharmaceuticals,0.7981537322399401,6,1.038457693293256
449,Yorven Labs,0.7071065049436741,5,1.4142130098873484
450,Plevik Energy,1.085436752898433,5,1.2780348062989546
451,Jorvix Diagnostics,0.8506791343683392,2,0.8489232944670071
452,Ixenis Outlets,0.49869679964731845,2,0.27839737816284726
453,Creven Securities,0.7187668858787855,4,0.5649901662761624
454,Arnik Commerce,0.6819294226804481,2,0.26583111842443974
455,Frelex Outlets,0.5905975689192631,2,0.3410476404035551
456,Crevol Retail,0.958052303432569,4,1.3207001746936728
457,Myrnep Technologies,0.5773576446948901,3,0.26023831902320155
458,Grevel Diagnostics,0.462990310192889,2,0.6594449080945652
459,Arnos Marketplace,1.0524750571080144,3,1.3139293760358408
460,Ulvyn Microchips,0.7942200799407674,2,0.7730372243689243
461,Krevum Pharmaceuticals,0.5749471452062718,3,0.3731598740134992
462,Varvov Retail,0.5101645753550986,2,0.22667047522718253
463,Crevex Labs,1.0762334898293817,2,0.890877866250733
464,Frelis Genomics,0.7151941335822865,2,0.040642799545950514
465,Relvan Software,0.7071065980016905,4,1.414213196003381
466,Grevel Diagnostics,0.6134521336267161,3,0.6376669203119942
467,Frelex Outlets,0.5830310896307551,3,0.25636819000076033
468,Halvix Holdings,0.9113792330841839,3,1.1224509929778317
469,Jovik Asset,0.9171810760230088,3,0.9307329892103164
470,Zrovov Advisors,0.9138623675399591,2,0.6253658327495364
471,Frelis Genomics,0.7271417180650832,5,0.8905650114845254
472,Zelval Energy,0.07329085994693275,1,0.06393222882116349
473,Ilval Financial,0.7817001136358517,4,0.6191380727327153
474,Ervan Capital,0.4940175966828223,3,0.09776164605535675
475,Zrovex Industries,0.8824968913548306,3,0.567274054251041
476,Zrovum Biopharma,0.2865577800960398,1,0.0405811621566779
477,Jorvix Diagnostics,0.36004822975957107,1,0.014812648678529883
478,Yorvov Pharmaceuticals,1.3325161488012873,5,1.6132276300410116
479,Grevel Diagnostics,0.2474873634485586,1,0.4949747268971172
480,Jovik Asset,0.5655663688863426,3,0.5114548218841406
481,Arnos Marketplace,0.6985215581512474,4,0.29596117206670286
482,Xelvol Biotech,0.7519278094847222,2,0.616009792113049
483,Yorval Partners,0.5111872302543057,3,0.20632218998499663
484,Yorven Labs,0.9330851018575008,3,0.6057918302358828
485,Ulvyn Microchips,0.4724758613825467,1,0.03509652186113427
486,Krevan Investments,0.6535930975731985,3,0.16925915206106923
487,Nolvol Resources,0.9065128043511997,3,0.7640890737800936
488,Crevol Retail,1.2903910478419316,5,1.4900960883766914
489,Wyrnor Solutions,0.30773499708928953,3,0.3366024957589342
490,Zrovex Industries,0.7071052565722025,2,1.414210513144405
491,Talvix Holdings,1.0061688164514833,3,1.0816748992713274
492,Frelis Genomics,0.07071099808666956,2,0.14142199617333912
493,Frelol Software,0.8454967379066131,3,0.8594243020932029
494,Yorvov Pharmaceuticals,0.7905745899997453,2,0.3637169278857353
495,Yorval Partners,0.4699133061730506,1,0.033638407872431275
496,Brevon Microchips,0.7463177675969865,3,0.9325406495061216
497,Ilval Financial,0.5303299531666692,1,1.0606599063333384
498,Prynis Systems,0.5583053801345894,3,0.4219750958050211
499,Halvax Networks,0.7155446804743029,4,0.7355307803210526
500,Calvos Genomics,0.8302958402042523,3,0.3637225286742448
501,Yorvov Pharmaceuticals,0.7026441712610957,4,0.7437117309286351
502,Ixenis Outlets,0.07071070222041576,1,0.1414214044408314
503,Talvep Computing,0.32019460813654876,4,0.0034048824726999882
504,Jorvis Fuels,0.8097280382836334,3,0.6292544726402604
505,Wyrnik Sciences,0.5975991393711758,4,0.17562652419949693
506,Frelex Outlets,1.0501195149139138,3,1.1171014246386854
507,Zrovex Industries,1.1856672955363279,3,1.3426454698885077
508,Relvan Software,0.4397842796182011,1,0.40213622131173554
509,Yorval Partners,0.789207244033209,3,0.3813562542261949
510,Ixenis Outlets,0.6933932225463434,1,0.7370445342757717
511,Talvyn Goods,0.8133694397174472,2,0.8969411857424486
512,Plevik Energy,0.07073618243429156,1,0.14147236486858308
513,Grevon Biotech,0.8163639627020713,5,0.554364528607293
514,Zelvon Biosciences,1.1732865830454537,4,0.7325886011108365
515,Halvav Brands,0.3539612230715231,1,0.0925280539350698
516,Grevon Biotech,0.7927743847613657,4,0.37683025024580735
517,Wyrnor Solutions,1.1415617109604208,5,1.2564189759404258
518,Halvix Holdings,0.26336442394354764,2,0.34644955515579706
519,Brevep Systems,0.5245494534620184,4,0.1088502344604022
520,Strynal Industries,0.8720162580514953,3,0.8514132887524127
521,Wrelal Financial,0.9694571504842491,4,1.3363343825581393
522,Jorvis Fuels,0.4636308605592384,2,0.06320407187009064
523,Ixenis Outlets,1.0199227354711236,4,1.078531111881073
524,Nolvis Devices,0.5156547608077119,2,0.18192535304917634
525,Zrovum Biopharma,0.5046490388719135,3,0.2286903075234194
526,Kelvos Resources,0.8968000237961256,3,0.8322174731553988
527,Creven Securities,0.7094466926679771,2,0.7960944289671372
528,Plevyl Advisors,1.3241950165837235,4,1.585752336796706
529,Nolvav Commerce,0.5138312748587597,2,0.22921552368239917
530,Ervan Capital,0.7530614105772997,2,0.7788841837063244
531,Orevex Renewables,0.6205005320847204,4,0.33542747585919297
532,Plevep Power,0.5664212150474552,4,0.1056101736793954
533,Zrovex Industries,0.6547689742103848,1,0.2272783971299412
534,Holtum Asset,0.7626745943193696,4,0.05223329207617344
535,Calvos Genomics,0.7946807458590454,2,0.570177061700312
536,Krevan Investments,1.4208740568823726,4,1.7373365591183978
537,Arnik Commerce,0.14142296436970272,4,0.2828459287394055
538,Ulvyn Microchips,0.7980974844463867,5,0.8859015193970582
539,Halvax Networks,0.7737334008976438,9,0.5573004171736031
540,Brevep Systems,0.7534401458983639,3,0.7216139795440459
541,Zrovov Advisors,0.4813696648846192,3,0.13918637073225104
542,Krevum Pharmaceuticals,0.7807713264019642,1,0.5507977439320948
543,Arnos Marketplace,0.37547657985300287,3,0.2813687958598806
544,Jorvix Diagnostics,0.648881063082441,1,0.4131457418952461
545,Xovol Goods,0.4739207168205918,1,0.5407587246125096
546,Ulvon Renewables,0.32757011600888036,1,0.008859664551951418
547,Zelvel Capital,1.0299305674088144,4,1.1690124632253465
548,Volval Devices,0.141420416868496,4,0.28284083373699154
549,Nerven Grid,0.4239760736276097,3,0.3060205292146032
550,Relvan Software,0.2175604310544904,1,0.14035670953212392
551,Nerven Grid,0.7715758537759896,2,0.3269162710876334
552,Zelvel Capital,0.7064589350726369,2,0.40632943489817946
553,Nerval Biopharma,1.3597940693357704,5,1.543293471521459
554,Krevum Pharmaceuticals,0.7474926586798137,5,0.2399488974177214
555,Nerval Biopharma,1.2581228318199646,3,1.44998401659372
556,Xelvol Biotech,0.695102286630501,4,0.695571651147616
557,Crevol Retail,0.9005929131246674,2,0.6283097665220918
558,Prynis Systems,0.6899784875975019,3,0.34107088145101955
559,Strynal Industries,0.4615785837640103,2,0.30526377602858856
560,Jovor Networks,1.169294599949885,4,1.2586136559619918
561,Ulvyn Microchips,1.140630640442505,6,1.0006730625963844
562,Frelex Outlets,0.9266686437966174,7,0.46257117441345585
563,Nolvis Devices,0.6289741828587307,5,0.31405088133999687
564,Krevum Pharmaceuticals,1.14319010445679,3,1.0279325209668326
565,Wyrnor Solutions,0.5214440191849312,3,0.08145127748771214
566,Relvos Biosciences,0.5786068580050379,4,0.7687261647590394
567,Urvel Grid,0.7243380324710884,1,0.7018359110095225
568,Zrovov Advisors,0.40960659030052154,7,0.047347131502815054
569,Zelvix Therapeutics,0.20686224233054598,1,0.015855650831931384
570,Varvov Retail,0.7749322638345584,2,0.8892467602826182
571,Wyrnor Solutions,0.5882577712974435,3,0.8339222566920825
572,Grevon Biotech,0.4826071412499036,3,0.1617934157718368
573,Ixenix Technologies,0.729591532219019,2,0.20441650548599755
574,Nolvol Resources,0.8008428506475165,3,0.7968016648302618
575,Nerval Biopharma,0.6989129841707002,2,0.06942756077067114
576,Frelis Genomics,1.3394151917702084,6,1.212457076235397
577,Xovol Goods,1.007120540130285,3,0.8733551550923232
578,Wrelal Financial,0.7125807987761632,1,0.8075883597485203
579,Pleven Trading,0.5790272406470227,2,0.415568750920031
580,Crevol Retail,0.6666705448427487,2,0.19348328845721052
581,Relvan Software,1.126015347365455,4,1.0519533410722082
582,Talvep Computing,0.9741368162597258,3,0.5917304094138656
583,Strynal Industries,0.8431419827690465,6,0.8056602881035286
584,Crevex Labs,0.5775591728385671,2,0.5306148455592513
585,Halvix Holdings,0.8395769496227675,2,0.890969192617599
586,Zrovov Advisors,0.44803280997369704,3,0.20753060621053962
587,Creven Securities,1.1697673045582369,5,1.1061490032190615
588,Relvan Software,0.45933188826849364,5,0.015354966676191406
589,Zelvon Biosciences,1.1768612521795188,2,0.7356105527386841
590,Orevex Renewables,1.1775950289017376,3,1.0301123825241603
591,Relvos Biosciences,0.8543768234483015,3,0.8653376492989632
592,Ulvon Renewables,0.5155353956792418,2,0.2949449722858305
593,Jorval Trading,1.0053822417360692,4,0.5841226411750529
594,Ulvyn Microchips,0.6361552722808665,1,0.07482239063214191
595,Jorvix Diagnostics,0.5177103231852525,2,0.08767760604606661
596,Relvon Fuels,0.5313731101706498,3,0.24073793412839845
597,Wyrnik Sciences,0.8836357079541913,3,0.6458386652843593
598,Jorvis Fuels,0.3912451092046365,3,0.024071341280026082
599,Nolvol Resources,0.4277725256108147,1,0.04233656135232022
600,Zelvix Therapeutics,0.9063582754692926,2,0.9980766312026836
601,Zrovex Industries,1.074255004456999,5,0.9325561461880688
602,Nolvav Commerce,0.7551328532527405,3,0.4577762190485813
603,Talvep Computing,0.5814106385850533,5,0.23037160953356706
604,Prynis Systems,0.3606471114095349,1,0.16420369594219647
605,Krevan Investments,0.5299816864299532,2,0.40002128458668335
606,Orevar Marketplace,0.913562073006926,3,0.895666134009379
607,Creven Securities,0.8311134488730088,2,0.7869994512328647
608,Jorvis Fuels,1.065338438258261,2,1.0943611640493551
609,Ulvyn Microchips,0.6691168275060314,4,0.6969405758243219
610,Varvov Retail,0.7293308019745758,1,0.5578945189428874
611,Zelval Energy,0.6119821182086541,1,0.10013804038382401
612,Halven Investments,0.2973385278604834,4,0.317479669240555
613,Relvan Software,0.6006525560691869,1,0.48642271295303097
614,Urvel Grid,1.022806735316794,7,1.1901657029953525
615,Joval Brands,0.8370924671327794,3,0.16861469049225541
616,Zrovum Biopharma,0.7577526070338084,1,0.7922050003662588
617,Calvos Genomics,0.8068036010243256,2,0.6911777487933554
618,Nerval Biopharma,1.0368356780131536,2,0.9402124982617291
619,Grevon Biotech,1.0523029091125176,4,0.7728913359843235
620,Relvan Software,0.44442810803575467,1,0.25617517686495817
621,Halvix Holdings,0.8961992821029372,3,0.20880958963400975
622,Zelval Energy,0.463497417368194,4,0.22692623301538756
623,Jorvis Fuels,0.702946993053852,2,0.5011560204145221
624,Kelvik Power,0.5187496218276951,3,0.1969575310158902
625,Frelex Outlets,0.5156066851593304,1,0.23030833831871916
626,Calvis Sciences,0.15878510125942172,4,0.10718156837455228
627,Nerval Biopharma,0.8644173964108522,2,0.098775849952487
628,Holtar Stores,0.6543569542913757,5,0.525826365059066
629,Plevep Power,0.4202501574139435,3,0.3200610933751378
630,Jorvix Diagnostics,0.8564700548995029,1,0.8768155478178289
631,Ulvon Renewables,0.5949552888998023,2,0.18939580827873154
632,Brevon Microchips,0.63520525294422,3,0.19633659138504617
633,Talvix Holdings,0.7404099965963988,6,0.777415691217004
634,Holtum Asset,0.734245333632173,1,0.5640313036831959
635,Crevol Retail,1.0378807365943803,3,1.104135851117151
636,Yorven Labs,1.0515037643616936,5,0.6887624296418151
637,Myrnon Therapeutics,0.4505640417909765,1,0.5058240199186539
638,Talvyn Goods,0.9225919790703713,2,0.8089812181248518
639,Grevon Biotech,0.3879128801841166,1,0.40682918559894066
640,Xovol Goods,0.6463114773006067,4,0.22657218420060293
641,Creven Securities,0.9984580977598407,5,0.6951179351837806
642,Relvos Biosciences,1.1012043175402533,3,1.6038483247904987
643,Prynis Systems,1.4253282469496236,5,1.6135171883744504
644,Xelvol Biotech,0.9056496168094326,7,0.7229715671765884
645,Orevex Renewables,1.1221359918598994,2,1.4013784269638867
646,Kelvos Resources,0.5675182657557325,5,0.10612620325915295
647,Urvel Grid,1.1055940690055421,3,1.4623056642220176
648,Zelval Energy,0.2617866055704814,1,0.335849060751079
649,Myrnep Technologies,1.3257568401897009,3,1.4086270082006456
650,Ulvyn Microchips,0.5123013667572083,1,0.49486551886569263
651,Jorval Trading,0.9020518213509103,4,1.3479823131111734
652,Crevex Labs,1.0740440434494503,4,1.5993046775164617
653,Wyrnor Solutions,0.5642311457346347,3,0.37817862235328703
654,Zrovex Industries,0.34074618671952384,2,0.3341285856461216
655,Halvav Brands,0.8129155086121996,2,0.5520325762410809
656,Jorval Trading,0.8908299973823954,3,0.7505497386909447
657,Grevel Diagnostics,0.8747111039762383,4,1.3046226167101467
658,Joval Brands,1.3593124900540776,5,1.4117956929149091
659,Relvan Software,0.40352900843240624,5,0.3140714816429443
660,Relvos Biosciences,0.9948566321472629,2,0.6242705956510191
661,Ulvon Renewables,0.6124801866347394,6,0.05986836099478143
662,Nerval Biopharma,0.21213152064241014,3,0.4242630412848203
663,Talvix Holdings,1.183057478199677,3,1.115082978335646
664,Halvax Networks,0.5335827074518507,2,0.14396021963184452
665,Ixenis Outlets,0.8664850447002619,9,0.44598046670993186
666,Talvyn Goods,0.8906065374858739,5,0.8762876216522283
667,Ixenix Technologies,0.8317519902449738,4,0.43619382386384603
668,Crevol Retail,1.2320885138289241,5,0.9393414396173874
669,Halven Investments,0.14142188775748404,3,0.28284377551496787
670,Dralol Computing,0.6476986552736484,1,0.33836646832052447
671,Plevep Power,0.5101014556678196,2,0.27265210128372463
672,Ervan Capital,0.4625421118649303,2,0.0710853146018407
673,Relvon Fuels,0.5735770086868425,3,0.40144334488895544
674,Jorvyl Securities,0.5839898876787876,3,0.6134672083030767
675,Krevan Investments,0.7691428452202229,1,0.8522905054651162
676,Xelvol Biotech,0.7868930690691414,2,1.053026032165037
677,Ilval Financial,1.00059244039634,4,0.3338187590930497
678,Ulvon Renewables,0.6228329931775036,3,0.8044739007238755
679,Zelvel Capital,0.319239902126431,1,0.17010335746302796
680,Wyrnik Sciences,0.692977546842017,2,0.3650559793025357
681,Halven Investments,0.6556321334656812,5,0.819575464495905
682,Jorvyl Securities,0.7594811375475852,2,0.654609290570324
683,Myrnon Therapeutics,0.7751567046535941,1,0.5391972456028884
684,Grevel Diagnostics,0.35275094697568643,3,0.003552636656812158
685,Plevep Power,0.5247312550829694,1,0.3795257449849908
686,Halvax Networks,0.6795397851522812,1,0.961068468352224
687,Frelis Genomics,,2,
688,Zrovov Advisors,0.6304055398572622,1,0.8464757417589013
689,Orevar Marketplace,1.1587716284833645,3,0.7667532586007804
690,Jorvyl Securities,0.46478222574479844,1,0.6620008873438004
691,Brevon Microchips,0.5791235920535879,5,0.005018917960732172
692,Zrovex Industries,0.6280094564048391,2,0.4684216437666406
693,Zelvel Capital,0.6498706121952247,2,0.7487113008221479
694,Relvos Biosciences,0.6186159160255298,1,0.7451609996067776
695,Calvos Genomics,0.732878035335549,3,0.17232383509209603
696,Nolvis Devices,0.9849200655763186,4,1.3106252012104957
697,Varvov Retail,1.077041961021332,4,0.6309420679805862
698,Zelvon Biosciences,0.38673811127907914,3,0.2317401125021116
699,Calvis Sciences,0.35355321776630244,4,0.7071064355326049
700,Ixenis Outlets,0.8625138348119109,4,0.22251530827371357
701,Relvon Fuels,0.5580393906078565,1,0.21511520153624542
702,Krevan Investments,0.7212782860039512,2,0.8443039718505063
703,Orevar Marketplace,0.836174252011024,3,0.6560971266571018
704,Grevon Biotech,0.8100007303951222,4,0.3757704357439816
705,Plevik Energy,1.055212786896122,3,0.6464879662579667
706,Calvis Sciences,0.21213229550449553,5,0.42426459100899827
707,Ulvyn Microchips,0.7425271265475814,1,0.5523276017107173
708,Crevex Labs,0.921394464218277,2,0.9240849689362612
709,Arnik Commerce,0.7071062176127977,4,1.4142124352255954
710,Urvel Grid,0.743862018789927,2,0.2264083148237973
711,Relvos Biosciences,0.6904989129828942,3,0.006648952150224652
712,Orevar Marketplace,1.0042866901253564,2,0.9143987485592907
713,Nolvav Commerce,1.0642675457976154,3,1.0834102874732026
714,Myrnep Technologies,0.8976670258772681,2,0.5061938701655202
715,Wyrnik Sciences,0.8632131757052592,2,0.8461362518877713
716,Varvov Retail,0.5102668291447648,3,0.2026792393775304
717,Wrelal Financial,0.27088786471175796,3,0.3627569652278726
718,Grevel Diagnostics,1.1307323094498207,3,0.8768477457138576
719,Arnik Commerce,0.7861778564682574,4,0.32317181387151717
720,Orevov Solutions,0.8901871343930376,3,0.5430147476294773
721,Holtar Stores,1.0371173994221725,4,1.1206047031977335
722,Nerven Grid,0.4978591782263071,3,0.0451477658912563
723,Grevel Diagnostics,0.5651388663505764,2,0.36481923038287756
724,Frelis Genomics,0.9350546388501331,2,0.7374447243723713
725,Holtum Asset,0.28149873938465286,1,0.019508744252228205
726,Joval Brands,0.32253889463468344,3,0.314382038979795
727,Jorval Trading,1.1363580300962248,6,1.2709634859074943
728,Zelval Energy,0.7578450982544797,2,0.4565565492580767
729,Jorvix Diagnostics,0.790866506441765,4,0.3718511102370818
730,Nerval Biopharma,0.8633176652142529,7,0.8105908981090458
731,Jovik Asset,0.6264387660612634,2,0.2628336794821867
732,Nerval Biopharma,0.7767304806885067,2,0.49160594734928176
733,Talvyn Goods,0.5033808871715736,3,0.2509008765140297
734,Orevar Marketplace,0.6042551199636483,3,0.15733987422120704
735,Urvel Grid,0.8560027872926166,2,0.5317908307138275
736,Brevep Systems,0.3535531604268559,2,0.7071063208537118
737,Kelvik Power,0.5514363545879241,2,0.5517763101295164
738,Grevon Biotech,0.6672192771238846,1,0.4956496363021446
739,Krevan Investments,0.778697807843433,2,0.5129770364696917
740,Krevan Investments,0.6534826302969916,2,0.7504897847837434
741,Kelvik Power,0.42426399193289754,4,0.8485279838657951
742,Grevon Biotech,0.465263680760551,3,0.6001254401239744
743,Ervan Capital,0.5625787499624522,6,0.8409487246199274
744,Zelvon Biosciences,0.7512872100611163,1,0.5049598181333681
745,Holtum Asset,0.6174061909634132,5,0.16634921888848775
746,Xovep Stores,0.7642365749946016,3,0.946648706906593
747,Crevex Labs,0.8220670585494763,5,0.9690453839412871
748,Orevex Renewables,0.5229344233263467,1,0.11389068375028638
749,Creven Securities,0.6467521425643145,2,0.013796530047019084
750,Relvan Software,0.7110767710192953,2,0.009400252783836383
751,Wyrnor Solutions,0.2610418344275178,3,0.2958325450315962
752,Zelvel Capital,1.0052837923671267,2,1.214048666152607
753,Zrovum Biopharma,0.5065157776677591,2,0.7363556899700375
754,Brevon Microchips,0.743376000758921,2,0.7762527800348347
755,Jovor Networks,0.5707431729687584,2,0.19830674648156738
756,Talvix Holdings,0.6813935088759948,2,1.0008264239384665
757,Crevex Labs,0.6541570196252383,3,0.10727694221968398
758,Volval Devices,1.1069824507803658,3,1.1652614807254986
759,Ervan Capital,0.4663366177054912,4,0.21696852932867933
760,Nolvav Commerce,0.6047750293455685,1,0.5041182595899175
761,Talvyn Goods,0.9039831090581857,4,0.6598647064545745
762,Krevum Pharmaceuticals,1.0571811237212068,6,1.3336881968109309
763,Halvix Holdings,0.6062353883387283,3,0.10377739975071198
764,Pleven Trading,0.9777195499233052,2,1.0047368465040503
765,Ilval Financial,0.4821489814864819,2,0.4274484347037532
766,Urvel Grid,0.5068632864475524,2,0.17147379989836975
767,Zelvon Biosciences,0.3452056795781845,4,0.16537482569035739
768,Creven Securities,0.251459983638991,2,0.0699952339106899
769,Arnos Marketplace,0.5361309280838269,3,0.7614694215662489
770,Calvis Sciences,0.904222606745432,4,0.34258893259118195
771,Plevum Partners,0.7393633741961458,2,0.4628534437956098
772,Plevik Energy,0.7909563983534441,2,0.3213400318729722
773,Nolvis Devices,0.8138161214869344,1,0.7448178239541583
774,Creven Securities,0.7395139189170704,4,0.3281946148316419
775,Relvon Fuels,0.22545086199567427,4,0.019391129798379564
776,Urvel Grid,0.6596288053781781,3,0.9603955515180032
777,Yorvov Pharmaceuticals,0.598663257720476,2,0.7979850546861581
778,Myrnep Technologies,1.2656936976234774,5,1.220862427343434
779,Ilval Financial,0.6723311808341323,6,0.3273974762071893
780,Varvov Retail,0.610623672439911,1,0.08184330639723048
781,Yorven Labs,0.8814625222150819,4,0.9651728178294313
782,Plevik Energy,0.9877081875026367,2,1.1144393348108566
783,Nerven Grid,0.8596773996509696,2,0.8665860713216584
784,Zelvon Biosciences,0.8601634992211686,3,0.7904546480874286
785,Relvon Fuels,0.6220645109446563,1,0.5469673877518857
786,Nolvol Resources,0.4655998664355582,4,0.48243735648726926
787,Halvav Brands,0.6703316785676703,4,0.31567077648809294
788,Talvyn Goods,0.7841572663554806,1,0.647963577910789
789,Calvos Genomics,0.8604128787301454,1,0.8358644878603348
790,Plevep Power,0.8755985709316457,5,0.6051582196057606
791,Zrovov Advisors,0.6418878377925081,4,0.6848594237855704
792,Zelval Energy,0.813655200866926,5,0.3856890093594354
793,Krevan Investments,0.3717776214818461,3,0.266604962377521
794,Krevum Pharmaceuticals,0.3507721913297358,3,0.5237311280273076
795,Krevum Pharmaceuticals,0.3836705495630083,1,0.05155954467131707
796,Crevex Labs,1.0470500835743723,4,0.7299995464679331
797,Zelvix Therapeutics,0.6477771078453856,2,0.19838480865224506
798,Jorvyl Securities,0.789126644741834,4,0.44065985132974167
799,Halvix Holdings,0.26054405819046345,5,0.09601223817217758
800,Zrovex Industries,0.8433429097528047,4,0.5638488127623644
801,Zelvel Capital,1.0102513952614334,4,1.0498611055746545
802,Wyrnor Solutions,0.6119166854133049,2,0.6023799639913403
803,Xovep Stores,0.779791030202567,4,1.0669460223662064
804,Urvel Grid,0.2444122223252834,4,0.29974199787797273
805,Grevon Biotech,0.738994965963254,3,1.0414087634776044
806,Yorven Labs,0.7503283119519033,1,0.5800236533854369
807,Krevum Pharmaceuticals,0.8944573257117217,3,0.743563138562624
808,Plevum Partners,0.7618444515778188,3,0.7525928363060368
809,Calvis Sciences,0.8048054269517072,4,0.5223637880712974
810,Frelis Genomics,0.5056982934745919,2,0.048497010053067946
811,Xelvol Biotech,0.4186093427916868,1,0.32304116011555695
812,Zrovov Advisors,0.9002112401491927,1,0.71839727275318
813,Prynis Systems,0.8212110386153855,3,0.7197353819354697
814,Talvep Computing,,2,
815,Zelvix Therapeutics,0.5608441944894745,2,0.2872216253259335
816,Orevov Solutions,0.7267118645915923,2,0.521942290320411
817,Ixenix Technologies,0.29527010437638923,4,0.18925420508455848
818,Nolvav Commerce,0.590674296438135,4,0.08524389484368133
819,Orevov Solutions,0.49681580869027164,3,0.5948079788615823
820,Nerven Grid,0.5227690097561389,1,0.298869971688825
821,Zelvel Capital,0.25496906011338394,2,0.11982657945522929
822,Relvos Biosciences,1.0082902287370854,4,0.46859034984866954
823,Prynis Systems,0.6918407957640492,1,0.7961725159703592
824,Xovol Goods,0.6708866524278548,4,0.44973047602717764
825,Brevep Systems,0.5645468768274835,2,0.354813989477217
826,Plevep Power,0.7890487716100785,6,0.5793478340128642
827,Xovep Stores,1.140741489125169,3,0.7237138638712154
828,Zrovex Industries,0.9172432038048066,3,0.7271911189290186
829,Zelvon Biosciences,1.0509192859381824,5,0.5145324501329266
830,Plevum Partners,0.4529313635875202,2,0.1967242101162986
831,Arnos Marketplace,0.5007930691279121,1,0.38856856533033063
832,Nerven Grid,0.9236640289931994,4,0.4061705473098176
833,Frelex Outlets,0.7561075366875111,5,0.8689507202791521
834,Jorvyl Securities,0.3865583345481973,4,0.3166535749986118
835,Yorval Partners,0.5365843171428477,2,0.6620648899541122
836,Zelval Energy,0.5896989713719394,4,0.08180574055697543
837,Kelvik Power,0.5108531072017165,6,0.08397141571166306
838,Wrelal Financial,1.0224027495451682,4,1.2834239827103613
839,Orevar Marketplace,0.5690303023993533,5,0.025426596016881575
840,Orevar Marketplace,0.8584622377445832,4,0.7865566198799409
841,Wyrnik Sciences,0.6514516740087208,5,0.30708127154767517
842,Krevan Investments,0.5917493819896911,2,0.2776840777986677
843,Relvon Fuels,1.1092212211359065,4,0.9295257657260093
844,Zrovov Advisors,1.0955999464362738,4,1.2952551018180483
845,Talvix Holdings,0.7216175834044729,6,0.7196398865979555
846,Plevyl Advisors,0.7939564694327798,2,0.846932103660142
847,Nolvis Devices,0.412301396702938,4,0.00784462353020765
848,Orevex Renewables,0.9127317648487138,1,0.996091245055424
849,Brevon Microchips,0.28348651322997115,3,0.37100140633488965
850,Nolvol Resources,0.3883366590451343,3,0.4673245736618379
851,Ixenix Technologies,0.81672082999478,6,0.2712674252977846
852,Prynis Systems,0.5957230091888915,2,0.34185282475579554
853,Wyrnor Solutions,0.33764912609674474,4,0.12376588979507613
854,Zrovum Biopharma,0.57439014506547,1,0.8311147584658019
855,Yorval Partners,0.5100289607838298,5,0.3274274618638277
856,Plevyl Advisors,0.8513876752517587,1,0.7916077334186362
857,Crevol Retail,1.051425919531738,4,0.854854621926699
858,Jovik Asset,0.9973187526546943,3,1.2761510848403166
859,Crevol Retail,0.42711414840251427,3,0.13221614644753776
860,Zrovum Biopharma,0.4296697991810683,2,0.40729369099432333
861,Holtar Stores,1.2836485837946772,4,1.4568270752536943
862,Jorvix Diagnostics,0.6060726618722398,3,0.4686015956722808
863,Ulvyn Microchips,0.9552889314768094,2,0.9304321026990915
864,Prynis Systems,0.5627114367753082,1,0.06063567301819306
865,Pleven Trading,0.5687078134660957,4,0.43605467380413115
866,Creven Securities,0.7069005620747523,3,0.29900343295208653
867,Talvyn Goods,0.6008545260732998,3,0.31068143045703717
868,Krevan Investments,0.5814370500677288,2,0.3290430009306981
869,Holtum Asset,0.8614706337953426,3,0.9209404199117872
870,Ixenis Outlets,0.8345314876654318,5,0.7009165211816217
871,Plevyl Advisors,0.9920549609496895,4,0.9202364113840762
872,Relvon Fuels,0.966976677024895,3,0.8990091237498276
873,Strynal Industries,0.5019028387994918,2,0.6715235375662464
874,Plevik Energy,1.0056186274942394,2,1.2227085628718088
875,Crevol Retail,0.7453159389339785,6,0.34306761389199814
876,Krevum Pharmaceuticals,0.6876680332852039,1,0.5454727745664806
877,Wyrnor Solutions,0.5555570321686758,1,0.2113925385366643
878,Brevon Microchips,1.2369521813988296,5,1.2597429641097433
879,Grevon Biotech,0.18225582392402712,1,0.08263041799516607
880,Xovep Stores,0.7592509770928423,5,0.5213666515682127
881,Calvis Sciences,0.06373434904720629,5,0.09141810404802164
882,Talvep Computing,0.8615325684322402,6,0.5981547213193066
883,Plevik Energy,0.5994908770580013,1,0.3762923409782634
884,Ixenis Outlets,1.359100633319111,4,1.414554643646519
885,Zrovex Industries,0.9891484359847186,2,1.147083992976579
886,Urvel Grid,0.501902613956412,2,0.42721329995947177
887,Krevum Pharmaceuticals,0.8723039509681253,3,0.7940619286670569
888,Plevik Energy,0.5766338146153854,1,0.4217845003026538
889,Kelvos Resources,0.2040324278083283,2,0.012418920818663415
890,Talvyn Goods,1.1325081804390356,4,1.327920058954442
891,Plevep Power,0.5054397861867352,1,0.269003409438131
892,Relvan Software,0.6319694041656302,3,0.5030060303322982
893,Grevel Diagnostics,0.62886175551014,3,0.3158315039618383
894,Halvax Networks,0.49728502012080666,2,0.02735702176962046
895,Holtum Asset,1.0674909510538817,2,1.1170523860589487
896,Yorval Partners,0.3225330541418045,1,0.0377290566543067
897,Zelval Energy,0.47773465399877985,2,0.5152998201988209
898,Orevar Marketplace,0.8492444938014836,5,0.4740468767139211
899,Plevik Energy,0.47545675537114473,1,0.07139916538742702
900,Wyrnik Sciences,0.7827255146370965,1,0.6516872517375851
901,Talvix Holdings,0.8956411765520595,2,0.6347722719125651
902,Orevov Solutions,0.974326187019075,3,0.7729207222441401
903,Halven Investments,0.5389419023013087,1,0.021074970231001577
904,Arnos Marketplace,0.23296419700376358,2,0.08846688068337832
905,Arnos Marketplace,0.7457488382174059,3,0.9057638012371393
906,Talvyn Goods,0.9703350936179033,2,1.0534228415617517
907,Zelvix Therapeutics,1.2978663782316753,5,1.4645994250601184
908,Holtar Stores,0.9828345947503745,2,1.2910857794841721
909,Jorval Trading,0.8665378465219433,3,0.7450522187554885
910,Plevum Partners,0.4417785181882747,3,0.0376414346042499
911,Relvon Fuels,0.9690365510775979,3,1.3788219590502602
912,Plevyl Advisors,0.6900593387300537,2,0.10626789886535803
913,Ulvon Renewables,0.7367070925933485,8,0.42966600000326993
914,Varvov Retail,0.7071064928837042,4,1.4142129857674086
915,Yorval Partners,0.8266814227591538,8,1.1422305158385553
916,Zelvel Capital,0.9434795253286509,2,0.7909733152493561
917,Zrovov Advisors,1.0985919826216406,3,0.9317254448206903
918,Halven Investments,0.37009399419307454,2,0.06267465990253018
919,Halven Investments,0.30540286974694736,4,0.30620945048980297
920,Kelvos Resources,0.7277141442957552,1,0.6576527375849417
921,Urvel Grid,0.5520179237492525,4,0.19365642024419538
922,Xovep Stores,0.7246680876282653,2,0.6079399556806102
923,Jorval Trading,0.4677458168096308,1,0.22144088449599672
924,Nolvav Commerce,0.3833787464364409,4,0.11103301356772521
925,Halvax Networks,0.5900028004315305,3,0.21099627548667416
926,Zelval Energy,0.07071067848163641,2,0.14142135696327274
927,Grevon Biotech,0.5059129339431525,3,0.1881445477460258
928,Strynal Industries,0.5858314031827873,2,0.16893059680050493
929,Jorvyl Securities,0.7229250847438548,5,0.020403713454720362
930,Nolvis Devices,0.5635303498417642,4,0.30382520339578784
931,Plevep Power,0.5577046412989722,3,0.46710685795520496
932,Brevon Microchips,0.03535533537687459,5,0.07071067075374987
933,Pleven Trading,0.7751494718151317,3,0.5125849873367524
934,Plevep Power,0.6599456413880674,2,0.06664811039395269
935,Myrnon Therapeutics,1.2818499119558047,4,1.5018171658266064
936,Zrovex Industries,0.14141991577441976,1,0.2828398315488396
937,Halven Investments,1.3401712418390839,3,1.4587357290767793
938,Joval Brands,1.0079341354508284,4,0.5518383041823844
939,Orevov Solutions,0.7931546529768855,4,0.40429226645098826
940,Zelvon Biosciences,0.5729219568865422,2,0.23837987430392993
941,Relvos Biosciences,0.6441582666065393,2,0.1602755348119697
942,Arnos Marketplace,0.20131071260881955,2,0.07511797813939364
943,Ulvyn Microchips,0.6226324880101218,3,0.2023072191036817
944,Jovik Asset,0.5274683533911292,3,0.16334530943821457
945,Talvep Computing,0.703578870424951,4,0.2902923482031686
946,Creven Securities,0.9421248576677104,3,0.7939164270482519
947,Relvos Biosciences,0.9236102975436006,2,0.533991097990899
948,Krevan Investments,0.5130105912514381,2,0.2106389429264402
949,Frelis Genomics,0.5577717421226853,2,0.024286166485593674
950,Nerven Grid,0.3389488859893355,4,0.31711059220694726
951,Jorvis Fuels,1.1234117024524661,4,0.9390926548288381
952,Ilval Financial,0.40590973401371855,2,0.01188703326949836
953,Zrovex Industries,0.4572592128374729,4,0.25068643390407847
954,Jorval Trading,0.9350510211632501,2,0.9435379151345762
955,Halven Investments,0.8579180431428644,5,0.4406960560367773
956,Jorvyl Securities,1.0096185272137177,3,0.6881925159769774
957,Varvov Retail,0.4398019855365722,1,0.08410857093368501
958,Plevyl Advisors,0.6130020397492406,1,0.2264469114257559
959,Nerval Biopharma,0.7206614435296437,1,0.3455569186916013
960,Zrovum Biopharma,1.1479434401676898,4,0.9486180595096299
961,Brevep Systems,0.8942555448279792,4,1.127572476911601
962,Xelvol Biotech,0.7491728655796306,3,0.4956180527171996
963,Talvyn Goods,0.7937528099025888,3,0.1661153250300036
964,Ervan Capital,0.7617913073375633,1,0.7885462554336208
965,Plevyl Advisors,0.7535353277988945,5,0.5815732502728308
966,Kelvos Resources,0.19788683465531182,5,0.050670274175013325
967,Xelvol Biotech,0.1580062390349796,4,0.08356925097970977
968,Strynal Industries,0.54758030932378,7,0.19590952292082564
969,Frelex Outlets,0.5328026453681192,3,0.7241684234516083
970,Relvan Software,0.7610054420916537,4,0.2849267503711568
971,Xelvol Biotech,1.1034529176729455,4,1.2390472587380095
972,Wyrnor Solutions,0.3735002394733743,2,0.43357058728220665
973,Plevyl Advisors,0.760347205040603,4,0.6421995274536052
974,Krevan Investments,0.6144584891547052,3,0.621418051679955
975,Jorvis Fuels,0.2847740544843403,2,0.289832665930911
976,Halvix Holdings,0.6529052956336452,3,0.42241971214573226
977,Prynis Systems,0.39628177852712154,2,0.18467209166794618
978,Relvan Software,0.8906759261840651,2,0.9081873383098836
979,Frelis Genomics,0.4510850643331581,2,0.3260689878889861
980,Brevep Systems,0.29780679075736716,3,0.29003721806294225
981,Plevum Partners,0.6924419006547695,4,0.03569378653375532
982,Joval Brands,0.9928797153793906,2,1.4061591847376165
983,Talvyn Goods,0.7161002213277318,2,0.415993191001813
984,Xelvol Biotech,0.38241761450103684,2,0.18407943684271333
985,Plevyl Advisors,0.5500536708954615,1,0.16328246987390205
986,Urvel Grid,1.0611569061810064,4,1.0637436811559162
987,Dralol Computing,0.7517284453076403,3,0.4829624928079553
988,Xovep Stores,0.37480586520099146,2,0.129388899123355
989,Holtum Asset,0.25312026349585415,1,0.10925844370295895
990,Krevum Pharmaceuticals,0.4516530250970373,4,0.3006444070891656
991,Jorvyl Securities,0.7940574614479234,1,0.32227012494286333
992,Creven Securities,0.6897805075726889,3,0.3853091755841139
993,Orevar Marketplace,0.7824092629426647,2,0.2912826525172629
994,Jorval Trading,0.7185718042936713,1,0.6884792919094788
995,Zelvel Capital,0.42426396101804287,3,0.8485279220360851
996,Myrnon Therapeutics,0.7066596121850044,4,0.20285855234413552
997,Plevep Power,0.5924147473961517,2,0.2483529496591062
998,Talvyn Goods,0.5163351698966407,2,0.17229112841486993
999,Wrelal Financial,0.4537428607465866,3,0.019865538017576623
