session,predicted_company,ensemble_score,n_headlines,score_margin,split
0,Orevex Renewables,0.7167457758925526,3,0.49050766249386457,train
1,Halvav Brands,0.48393022267142904,2,0.2244459189919168,train
2,Zelval Energy,0.07071062753293667,2,0.14142125506587347,train
3,Talvix Holdings,0.5095220169823342,4,0.6134811081319784,train
4,Zelval Energy,0.7089102779687517,2,0.6584642295755473,train
5,Nolvol Resources,0.7252110776520226,4,0.5301259000550735,train
6,Nolvav Commerce,0.4495355283225337,3,0.2820531637481214,train
7,Myrnep Technologies,0.5321596825447016,5,0.0353358448685559,train
8,Ilval Financial,0.8164083254783274,4,1.1361425625709862,train
9,Halvax Networks,0.6752014945442802,1,0.38714054324352887,train
10,Frelis Genomics,0.6231627817770831,3,0.1730211920288024,train
11,Wyrnik Sciences,0.732900250824984,3,0.46271441538031954,train
12,Jorvis Fuels,0.5083018503776067,4,0.357853775239768,train
13,Jorvyl Securities,0.6601908032876546,2,0.9058005707840652,train
14,Frelis Genomics,0.8061244311460839,5,0.10963056590554532,train
15,Myrnep Technologies,0.5525949950176782,1,0.6539100263144202,train
16,Myrnep Technologies,0.2838472112305283,3,0.00270905167834129,train
17,Zrovex Industries,0.9391156109202297,1,0.8454507054102993,train
18,Strynal Industries,0.6538288571992056,2,0.6374007532614304,train
19,Plevik Energy,0.4498224643842751,2,0.3977557669802152,train
20,Brevep Systems,1.062784950909941,4,1.1046175743406421,train
21,Jorvix Diagnostics,0.7648610340492569,1,0.21994790452725277,train
22,Plevum Partners,1.0093688607271054,3,1.0447350683327048,train
23,Holtar Stores,1.190462542156321,4,1.4086832126789006,train
24,Crevex Labs,0.6118410124745506,6,0.4415037197411587,train
25,Brevep Systems,0.887374979750265,3,0.4538303266780295,train
26,Jorval Trading,0.9598385361744023,4,0.6794766428682748,train
27,Grevel Diagnostics,0.37646851595474884,1,0.25790857917970983,train
28,Zelvel Capital,0.9234439473367901,3,1.0470752642454053,train
29,Talvep Computing,0.5894657145377026,3,0.46999290671737104,train
30,Jorvyl Securities,1.088061406374896,4,1.1798876574388002,train
31,Ixenis Outlets,1.0985391351923564,2,1.2283884843436914,train
32,Zelval Energy,0.7670396541873029,1,0.7605121886108084,train
33,Xelvol Biotech,0.36558489022427454,1,0.056592674576805,train
34,Frelol Software,1.2675350442475863,3,1.6680012012101997,train
35,Myrnon Therapeutics,0.652883733816671,5,0.8794303144281344,train
36,Dralol Computing,0.45679416085963565,1,0.42229803104112074,train
37,Frelol Software,0.9402616014996377,2,1.0718792135639181,train
38,Nolvol Resources,0.6665032095749244,3,0.4045246063113862,train
39,Brevep Systems,0.5798162596403639,2,0.6245080170764252,train
40,Crevex Labs,1.0331692766976266,4,0.8992629321730726,train
41,Grevon Biotech,0.4500961078535015,2,0.17373527260046617,train
42,Halvax Networks,0.652288206704591,3,0.017673058621735738,train
43,Brevep Systems,0.7071066179493545,5,1.414213235898709,train
44,Wyrnik Sciences,0.8376537687850999,4,0.2740361660092283,train
45,Joval Brands,1.0957060286686997,6,1.3889276291332349,train
46,Nolvis Devices,0.4820586211121952,1,0.2339360513348203,train
47,Krevan Investments,0.7528806379757145,2,0.3919597701704447,train
48,Nolvis Devices,0.7071066182783741,4,1.4142132365567481,train
49,Halvax Networks,0.6425575110291826,5,0.19866645202526456,train
50,Plevyl Advisors,0.981011508372124,2,1.0945775669203512,train
51,Wyrnik Sciences,0.8893832137105491,1,0.538100796630091,train
52,Zrovum Biopharma,0.05709032233207462,3,0.006015182321364665,train
53,Myrnep Technologies,0.640646202984648,3,0.6052228224053762,train
54,Crevex Labs,0.9323765548944867,3,0.9037836560590509,train
55,Talvyn Goods,0.8416795425546031,3,0.28548399877382924,train
56,Zelvix Therapeutics,0.558382062102697,2,0.5284671789008034,train
57,Talvep Computing,0.6729307886884486,3,0.18439352190053754,train
58,Xovep Stores,0.7280138553158672,1,0.56879243345175,train
59,Myrnon Therapeutics,0.9732196587407602,3,0.828146766928705,train
60,Halvax Networks,0.7587708999124977,3,0.9203951138965392,train
61,Relvan Software,0.8447997589754883,2,0.988825423326297,train
62,Jorval Trading,0.7047909687980791,1,0.1940379239509964,train
63,Urvel Grid,0.9211111424888967,1,0.534259027652612,train
64,Urvel Grid,0.880009546849598,1,1.1058834708953411,train
65,Plevik Energy,0.9848434000998088,4,0.514157204125495,train
66,Nolvol Resources,0.5410588381224996,3,0.27291567502467384,train
67,Ulvon Renewables,0.4116737207358312,1,0.2601448189142781,train
68,Myrnon Therapeutics,0.8618459351085773,2,0.8229938586564459,train
69,Orevex Renewables,0.9547433626667685,1,1.0810629516396955,train
70,Ixenix Technologies,0.4968013818202123,2,0.22349719039006444,train
71,Nolvol Resources,0.8553041560385373,5,0.7388384520938979,train
72,Kelvos Resources,0.923639982162294,3,0.4857636590543365,train
73,Arnik Commerce,0.4833202627044322,2,0.20835869236529359,train
74,Plevyl Advisors,0.8654902772338534,2,0.3963807731893725,train
75,Varvov Retail,1.0554332003089815,5,0.7664417787201219,train
76,Talvep Computing,0.8800310231991367,3,1.0962104427619237,train
77,Plevum Partners,0.3531304454741928,1,0.42739690820887466,train
78,Wyrnor Solutions,0.7554451152996144,6,0.10710742686927754,train
79,Wyrnik Sciences,0.4229770415777846,2,0.38272510955307015,train
80,Wrelal Financial,1.2863833669238607,4,1.2374773363381566,train
81,Strynal Industries,0.8618235199363105,3,0.711509408031354,train
82,Grevon Biotech,0.8234028065646954,4,0.3581548174797087,train
83,Plevyl Advisors,1.1357751084791363,4,0.9735897703517964,train
84,Myrnep Technologies,0.567386583227411,1,0.41473713231069487,train
85,Zrovum Biopharma,0.29353803309702264,2,0.028262610710756808,train
86,Orevov Solutions,0.8225835683075773,3,0.5276028323513721,train
87,Yorven Labs,0.8580343675300971,4,0.9529247312266644,train
88,Plevep Power,0.6878171390554817,3,0.26131858601324054,train
89,Holtar Stores,0.9615346614296992,8,0.9628655914160457,train
90,Pleven Trading,0.8353177245522588,5,0.45373233635671734,train
91,Xovep Stores,1.2785622414121136,4,1.4879102713166759,train
92,Halvav Brands,0.9441543017862775,4,0.5597955845988938,train
93,Arnos Marketplace,0.49460275314697183,5,0.022836086133215694,train
94,Talvyn Goods,0.5573210245466846,2,0.342210606785961,train
95,Plevum Partners,0.8101009376585585,2,0.7654879989618731,train
96,Holtum Asset,0.38978621427852334,5,0.5745218013024722,train
97,Myrnep Technologies,0.8878337488363486,3,0.681994745423438,train
98,Nolvis Devices,0.4185926074023184,1,0.02658942065104769,train
99,Frelex Outlets,0.8147759584338727,1,0.6488423946502371,train
100,Plevum Partners,0.6950009995948692,2,0.7488927490446355,train
101,Zelvel Capital,0.5544538894011117,2,0.28045451763688367,train
102,Myrnep Technologies,0.6989096992962363,3,0.44810789029612147,train
103,Arnik Commerce,0.9577232187076412,3,0.9541022897658546,train
104,Yorval Partners,0.48742357608147774,1,0.2234773420772062,train
105,Frelol Software,1.0002272630340694,3,1.145565688130061,train
106,Xelvol Biotech,0.7742047592421131,2,0.8077547751572435,train
107,Halvav Brands,0.616818567947953,2,0.606728943000399,train
108,Pleven Trading,1.2053406600544239,5,1.3460719474468137,train
109,Zelval Energy,0.6234009688710708,2,0.09234577325067828,train
110,Nolvav Commerce,0.793768717289862,3,0.0428508405407102,train
111,Myrnep Technologies,0.7579409741147953,2,0.38169950383067386,train
112,Talvix Holdings,0.6660298181140362,1,0.5844765432029426,train
113,Talvep Computing,0.8961813027053553,2,0.38978586660743697,train
114,Halvax Networks,0.7520925650644672,1,0.7120450120521032,train
115,Ulvon Renewables,0.8767340490179497,2,0.7117124045813132,train
116,Prynis Systems,0.723525103044117,5,0.4951724163269703,train
117,Relvon Fuels,0.4089220462653761,1,0.11124504778381972,train
118,Krevum Pharmaceuticals,0.4485129034523577,1,0.1468501622686425,train
119,Plevep Power,0.87776548992311,1,0.950967754151395,train
120,Plevum Partners,0.8153765928797229,2,0.92730798220934,train
121,Nolvav Commerce,1.0603293754865881,4,0.7954541044353569,train
122,Wrelal Financial,0.74018444315364,2,0.6175682911446587,train
123,Halvax Networks,0.8740655668635768,2,0.657497827767327,train
124,Relvos Biosciences,0.4285913404485847,1,0.21683686683836056,train
125,Calvis Sciences,0.9117866775133672,2,1.0727459296053523,train
126,Relvon Fuels,0.8404487164007483,2,1.0816857527760795,train
127,Yorval Partners,0.6492478071459645,2,0.5159059221491721,train
128,Volval Devices,0.8964814993647338,1,0.7576534133245405,train
129,Relvon Fuels,0.688528220198046,4,0.24721459618913078,train
130,Talvyn Goods,0.961006768119048,3,0.8685792529514201,train
131,Jovik Asset,0.8722801772412415,5,0.43037851537788396,train
132,Nolvol Resources,0.35355317900198685,3,0.7071063580039738,train
133,Ervan Capital,0.48718535984642364,1,0.020112982429061288,train
134,Ilval Financial,0.6060018910204558,1,0.514402363323601,train
135,Nerven Grid,0.3169563551682905,4,0.2839867169024808,train
136,Plevum Partners,0.6908321474068011,3,0.12751602901594106,train
137,Joval Brands,0.1632324613481611,3,0.015153145857927208,train
138,Strynal Industries,0.5303288559171095,3,1.060657711834219,train
139,Halvax Networks,0.4634065618962879,4,0.18366867165581713,train
140,Yorvov Pharmaceuticals,0.25744202275676176,2,0.09077571669763906,train
141,Pleven Trading,0.7324538069993726,2,0.7086169987152607,train
142,Zelvel Capital,0.4207819003560348,1,0.13466900687650074,train
143,Halven Investments,0.6074261953895465,1,0.33241401541256566,train
144,Orevex Renewables,0.8051040063031478,5,0.5604301919014494,train
145,Myrnep Technologies,0.9097339395444549,2,1.0428760442922793,train
146,Myrnep Technologies,0.5087735757453224,3,0.09405682113362923,train
147,Talvyn Goods,0.7111514328996128,1,0.6475656394002888,train
148,Frelol Software,0.7139461817494388,3,0.38949781831743086,train
149,Nerven Grid,0.579092516564048,3,0.19934020223085352,train
150,Crevol Retail,1.1895140561648987,4,0.9592336065652032,train
151,Myrnon Therapeutics,0.9445513100804666,5,0.6437224873633169,train
152,Jorval Trading,0.6525601491763432,3,0.45135542436984044,train
153,Holtar Stores,0.50886113291108,3,0.4970067912351107,train
154,Nolvis Devices,0.3535526576382702,3,0.7071053152765405,train
155,Orevex Renewables,0.7670798124433228,3,0.815245240810705,train
156,Halvax Networks,0.7668344636706383,3,0.16722334923622917,train
157,Frelex Outlets,0.2020725397108346,1,0.0,train
158,Relvon Fuels,0.613276836281607,1,0.4020250204905201,train
159,Zelval Energy,0.8169337567968153,6,0.23859486515995199,train
160,Jovik Asset,0.9330145232445856,2,0.8639628858329904,train
161,Zrovum Biopharma,1.155484472377653,4,1.1847957629533157,train
162,Pleven Trading,0.5568641433585344,3,0.1819732433780496,train
163,Orevar Marketplace,0.43529635654016063,3,0.09442393681460515,train
164,Jovik Asset,0.7935696894967176,2,1.0218748823530772,train
165,Calvis Sciences,0.49995736208571034,3,0.5283758354606369,train
166,Ixenix Technologies,0.7465132239373529,4,0.9090732039358018,train
167,Yorven Labs,1.0697583522206129,4,0.6114862488432589,train
168,Plevik Energy,0.4839434986355762,2,0.5958342011629705,train
169,Relvon Fuels,0.4951952183518146,4,0.49975321369436965,train
170,Orevex Renewables,0.9327731372146644,3,0.7921271965424397,train
171,Crevex Labs,0.7139433890100056,2,0.047373133382468624,train
172,Holtar Stores,0.702675358156594,2,0.6910940037356372,train
173,Krevum Pharmaceuticals,0.4811887383666397,2,0.3029957436900821,train
174,Holtum Asset,0.7098424841573401,3,0.5784432008922644,train
175,Kelvik Power,0.6683880480315436,1,0.8152215671996326,train
176,Halvax Networks,0.6124486849438793,4,0.11993378534791471,train
177,Volval Devices,0.8291710683402755,2,0.7816122393131794,train
178,Yorvov Pharmaceuticals,0.5641003252467316,3,0.311428951963488,train
179,Holtar Stores,0.7148058573630034,1,0.6999030825286732,train
180,Plevep Power,0.7627210213359,5,0.09059715339357233,train
181,Zelvon Biosciences,0.38546939159695903,3,0.3701737511722455,train
182,Xovol Goods,0.7747670928313393,1,0.7397023217138989,train
183,Zrovov Advisors,0.836796004451172,3,0.667743903473595,train
184,Nolvis Devices,1.0485915665123624,4,1.3160589743660116,train
185,Frelol Software,1.0116218002607273,6,0.8729719212095765,train
186,Calvis Sciences,0.8879132868773215,3,0.2267336369699311,train
187,Xovep Stores,0.3975397718261483,2,0.3082270867661697,train
188,Orevar Marketplace,0.28440069800914747,1,0.36990884626547493,train
189,Arnik Commerce,0.6553295093774331,3,0.447725603880862,train
190,Talvep Computing,1.023066010972584,5,0.9335215652059385,train
191,Calvos Genomics,0.7107770429308938,4,0.36136213203472417,train
192,Talvyn Goods,0.7806562414742205,3,0.5921720985123287,train
193,Creven Securities,0.9648965451290525,8,0.5427540044858785,train
194,Orevex Renewables,0.6461684904972844,3,0.42311782655331076,train
195,Relvon Fuels,0.8788252071176387,3,0.9151252305047453,train
196,Prynis Systems,0.7195309564169092,1,0.8523612882142484,train
197,Frelex Outlets,0.6019797636604851,3,0.04579142082327725,train
198,Ulvon Renewables,0.8091813239430129,1,0.8331212647563229,train
199,Xelvol Biotech,0.7552271139925807,2,0.7043176793202173,train
200,Plevik Energy,0.6565971561404312,4,0.2911844616020464,train
201,Frelex Outlets,0.3579694598003954,3,0.24562330639760896,train
202,Calvis Sciences,0.34929436164974503,1,0.06053719622216763,train
203,Arnos Marketplace,0.2886749415273856,1,0.0,train
204,Zrovex Industries,0.6623438306557508,2,0.6311447280553832,train
205,Talvyn Goods,1.0478500722444586,2,0.9256990100965354,train
206,Crevex Labs,0.7071064557935552,2,1.4142129115871105,train
207,Talvix Holdings,0.6002826137221732,4,0.259193922699434,train
208,Frelex Outlets,0.6982504888706669,2,0.4704528339034397,train
209,Talvep Computing,0.7392859507117728,3,0.6896050724568236,train
210,Krevan Investments,1.0812056235645726,4,0.8264285242664847,train
211,Relvos Biosciences,0.9463156765683038,1,0.9121848219922112,train
212,Frelol Software,0.6371626015908666,2,0.43598338222706684,train
213,Nerval Biopharma,0.6663692260004868,5,0.3657462209651763,train
214,Talvep Computing,0.6093413318541172,3,0.6598756263781687,train
215,Frelex Outlets,0.9774185676669092,5,0.7980631397529189,train
216,Xovol Goods,0.5360407892159389,2,0.6590120495652884,train
217,Urvel Grid,0.6975632012904052,1,1.0034221925521414,train
218,Wrelal Financial,0.2905401118077502,2,0.26231745609798407,train
219,Jorvis Fuels,0.7096019402518134,1,0.5710089932828722,train
220,Frelis Genomics,0.795635037465473,4,0.37417345896424337,train
221,Dralol Computing,0.5421033934503013,2,0.15847322713124357,train
222,Kelvik Power,0.5401002119457257,2,0.11734418992121853,train
223,Creven Securities,0.5621503957692603,1,0.5557971048645445,train
224,Plevep Power,0.5325967917508099,2,0.5128594929895488,train
225,Jovik Asset,0.2852389331037517,4,0.17092523751565658,train
226,Plevep Power,0.8752028574090149,3,0.7304720643872671,train
227,Halvax Networks,0.6387196743983806,4,0.8230594153886552,train
228,Nolvis Devices,0.919603049856824,5,0.43702863765305766,train
229,Jorvix Diagnostics,0.9376788375145847,4,0.8691516979402889,train
230,Zelval Energy,0.5303297909487029,3,1.0606595818974058,train
231,Ulvyn Microchips,0.728071559186333,4,0.716605358304232,train
232,Jovor Networks,0.7571662200090463,4,0.5539015941633626,train
233,Holtar Stores,0.8378844070056657,3,0.04949731094025123,train
234,Relvos Biosciences,0.635844738613067,2,0.4962941083519586,train
235,Orevex Renewables,0.23329445560177797,4,0.27626008046188966,train
236,Jovor Networks,0.8645994999746525,1,0.8004172448954014,train
237,Brevon Microchips,0.5478181880540843,2,0.04949261838954061,train
238,Wyrnik Sciences,1.1317056089551742,6,1.5395971267449424,train
239,Strynal Industries,0.6409550101542558,2,0.10094629360009344,train
240,Yorval Partners,0.8015498417581792,1,0.7971275202449466,train
241,Talvix Holdings,0.7906242616645431,3,0.1401018413576256,train
242,Joval Brands,0.8557466419690102,4,0.6488015654284722,train
243,Jovor Networks,0.8079197056570445,1,0.8352410069508478,train
244,Talvyn Goods,1.1351134414860433,4,0.8969413350448076,train
245,Arnik Commerce,1.350388929455451,4,1.370168949290142,train
246,Dralol Computing,0.913348711912978,6,1.2567043912357585,train
247,Nerven Grid,1.215894493964269,6,1.2511628946379971,train
248,Ulvyn Microchips,1.2614538994434374,3,1.4188961199375876,train
249,Orevov Solutions,1.4171560251090753,3,1.7485109046245606,train
250,Relvon Fuels,0.831116776146445,1,0.759156628433506,train
251,Krevum Pharmaceuticals,0.7099219259541225,1,0.31598219003844424,train
252,Nolvav Commerce,0.3535530592812846,2,0.7071061185625692,train
253,Zelvix Therapeutics,0.8274773730071199,4,0.6772883786891036,train
254,Halvax Networks,0.7421389116614981,1,0.7229645939475092,train
255,Kelvik Power,0.3917614016815454,3,0.2454010869011633,train
256,Talvep Computing,0.6566376653560682,3,0.9212484641255929,train
257,Halven Investments,0.6001069214800974,3,0.8769657852959172,train
258,Nerval Biopharma,0.83649867442223,1,0.6936616812822323,train
259,Crevex Labs,1.009916081576758,3,0.7385756548841973,train
260,Varvov Retail,0.660825448530235,3,0.3875335354148002,train
261,Volval Devices,0.23181145751056811,5,0.23298423680025007,train
262,Wyrnik Sciences,0.41253641432770216,3,0.10441487253530823,train
263,Jovik Asset,0.6707111223927731,2,0.503369631399597,train
264,Jovik Asset,0.8879505466178405,2,0.7699358240973548,train
265,Talvep Computing,0.5738272034183426,2,0.3250575075161038,train
266,Frelol Software,0.7836367835244918,2,1.001422195834781,train
267,Orevex Renewables,1.3221845620021222,3,1.411946219474857,train
268,Ixenis Outlets,0.8734189280357328,6,1.207888593790676,train
269,Wyrnik Sciences,0.5034475502448671,3,0.45728662239926604,train
270,Orevar Marketplace,0.5471971445438294,4,0.17266018546853779,train
271,Volval Devices,0.16493186729441994,5,0.01158629425646135,train
272,Jovik Asset,0.4648654681527994,2,0.06576857164760397,train
273,Brevon Microchips,0.9414483557325735,2,0.9698159177671724,train
274,Holtar Stores,0.2107966087636305,2,0.029775613036530563,train
275,Strynal Industries,0.7893835783375432,2,0.21791188200702838,train
276,Talvyn Goods,1.337720789391327,6,1.668781174379903,train
277,Myrnep Technologies,0.26298296471672855,2,0.18131224561885728,train
278,Orevar Marketplace,1.2006236356921391,5,1.257142316573185,train
279,Nolvol Resources,0.9694451356782819,2,0.4859051822760745,train
280,Talvyn Goods,0.8487750270653747,3,0.4341738325480411,train
281,Frelol Software,0.48421344789791876,2,0.14729497003778053,train
282,Grevon Biotech,0.6855400988837117,3,0.3064393631484608,train
283,Yorven Labs,1.0625837296599092,4,1.2876617635716534,train
284,Halvix Holdings,0.20371342766915285,2,0.05627994070863762,train
285,Halven Investments,0.5230624545401794,3,0.11242016975040858,train
286,Brevon Microchips,0.26336827693590376,3,0.07078936006566255,train
287,Ulvon Renewables,0.7073730440074831,6,0.34162718560213023,train
288,Pleven Trading,0.6634937629054524,3,0.10877259718585486,train
289,Halvix Holdings,0.12163124537180911,1,0.17975163744165623,train
290,Nolvav Commerce,0.533404875206763,3,0.36359649068192684,train
291,Myrnep Technologies,0.39347443609192767,1,0.1317414709830258,train
292,Varvov Retail,0.6664423707822984,3,0.6570837797132737,train
293,Calvos Genomics,0.3402236413447635,3,0.2818200029581386,train
294,Dralol Computing,0.5331369119790552,4,0.1286056081840714,train
295,Jorvis Fuels,1.0060776687938309,6,0.4935996598221907,train
296,Jorvix Diagnostics,1.364298151848692,5,1.4510642477757514,train
297,Creven Securities,0.17922554784883551,2,0.18919005320608995,train
298,Talvyn Goods,0.9149682873875156,4,0.5663129102700648,train
299,Relvan Software,0.8175238167059496,6,0.4699779224426987,train
300,Crevol Retail,0.07098655963801778,2,0.01442791806441443,train
301,Xovol Goods,0.5079033857580822,1,0.043140793282795964,train
302,Arnos Marketplace,0.5312291396580079,3,0.7491046640517466,train
303,Talvep Computing,0.8606279266805118,1,0.8982039914331185,train
304,Nerven Grid,0.39478408027958695,2,0.21801653191425116,train
305,Brevon Microchips,0.23866302692252844,2,0.26309758420107454,train
306,Crevol Retail,0.9761794271952982,2,0.5225296155695014,train
307,Zrovov Advisors,1.1067085763720392,4,0.6325619673992122,train
308,Pleven Trading,0.05489443679119384,3,0.057706617836981645,train
309,Kelvik Power,0.8091499770503506,5,0.08313745397593064,train
310,Brevep Systems,0.6432409289557066,4,0.5590765941633192,train
311,Ixenix Technologies,0.831604672608111,1,1.0475740603586017,train
312,Dralol Computing,0.6802122716621012,2,0.7091933842807888,train
313,Jorvyl Securities,0.4667499881497814,4,0.13708529536387237,train
314,Relvos Biosciences,0.5202101433030503,2,0.15390020505575613,train
315,Grevon Biotech,0.313076424320074,4,0.044352188515460245,train
316,Ilval Financial,0.5635649879078344,2,0.34016088941507283,train
317,Relvos Biosciences,1.2824564542600003,4,1.1880529876983899,train
318,Joval Brands,0.6269530952328387,10,0.30636968717036245,train
319,Relvos Biosciences,0.8246994686857665,1,0.8696041403611754,train
320,Xovol Goods,0.5434264806759033,4,0.07489327888109032,train
321,Grevon Biotech,0.39482803718969545,1,0.317576092604658,train
322,Calvos Genomics,1.0202695154600558,2,1.122802391556835,train
323,Jorvyl Securities,0.630556926864051,2,0.3457551703298815,train
324,Ulvon Renewables,0.7296916873062428,1,0.5476639025331502,train
325,Brevep Systems,0.9409199200205769,2,0.9741131757971709,train
326,Crevol Retail,0.5745247893678973,2,0.32258788633070773,train
327,Frelis Genomics,1.0915446331290743,5,1.2875155825503664,train
328,Xelvol Biotech,0.6576000941680269,3,0.11498479670657658,train
329,Xovol Goods,0.7382145865242833,2,0.03200132476482853,train
330,Varvov Retail,0.585142271953104,4,0.1848426641778521,train
331,Zelvel Capital,1.045798701930827,5,1.5157400074805225,train
332,Relvos Biosciences,0.70710642626731,3,1.4142128525346203,train
333,Zelvon Biosciences,0.707106589351755,5,1.41421317870351,train
334,Relvan Software,1.06291231101879,2,1.0143762634788647,train
335,Plevep Power,0.7389438058194076,2,0.7005433689609792,train
336,Xovol Goods,0.8074054632528187,1,0.7403831951690498,train
337,Nerven Grid,0.2721624526907722,3,0.11253821464377081,train
338,Ixenix Technologies,0.7515871734315068,3,0.6519513372493849,train
339,Prynis Systems,0.4652993872231625,3,0.0600642040025835,train
340,Nolvav Commerce,0.8362341968895171,2,0.5610303025640839,train
341,Holtar Stores,0.7243228334913043,1,0.6181602990070412,train
342,Zrovex Industries,0.6019355290914901,3,0.7572727702541591,train
343,Plevep Power,0.9352863916374294,4,1.0266493274378528,train
344,Kelvik Power,0.7928929352543002,2,0.9359566709423235,train
345,Ulvon Renewables,0.49185273440194177,1,0.643914421523207,train
346,Brevon Microchips,0.7388765689173303,1,0.8874630746038716,train
347,Zelvon Biosciences,0.5920751847219932,3,0.08976625543730243,train
348,Kelvik Power,0.881462910658379,3,0.8063431861016417,train
349,Myrnep Technologies,0.7031160015068008,2,0.34880433679875583,train
350,Urvel Grid,0.9609206036389898,3,1.1477030042596164,train
351,Ixenis Outlets,0.8090973761651546,3,0.26486321730513807,train
352,Xovep Stores,0.5872471213127015,2,0.147945009732318,train
353,Zelvon Biosciences,0.6819574635892037,3,0.34323648872326,train
354,Jorvis Fuels,1.3712244533186992,4,1.2927717902242222,train
355,Ixenix Technologies,0.6195075648527365,1,0.3951525942790185,train
356,Holtum Asset,0.6627122310730111,1,0.5196870263465119,train
357,Crevex Labs,0.63537871671033,3,0.008463636678616715,train
358,Jorval Trading,0.6745968094975678,5,0.04018717022397178,train
359,Grevon Biotech,0.871128443398667,5,0.6909114915710511,train
360,Xovep Stores,0.6630158507257875,1,0.3755890695733836,train
361,Ilval Financial,0.2121316020056243,3,0.4242632040112486,train
362,Jorvix Diagnostics,0.052368553153916475,2,0.01842083189767396,train
363,Jovik Asset,1.03537501651238,2,0.8896761179513893,train
364,Varvov Retail,0.9149991061667286,4,0.6387818413067419,train
365,Nerval Biopharma,0.7656571736435221,1,0.8726759837235429,train
366,Nolvol Resources,0.6036509339760604,1,0.3397488672018824,train
367,Talvep Computing,0.24748757015941794,3,0.4949751403188359,train
368,Orevov Solutions,0.9287519066003588,2,1.0758557154588713,train
369,Plevep Power,0.7373881847753392,1,0.6188507669538393,train
370,Xovep Stores,0.8276534516583494,4,0.5820171167708424,train
371,Urvel Grid,0.8649072978042976,1,0.8186166972491922,train
372,Nolvol Resources,0.5651107500209992,2,0.3369831291724798,train
373,Zelval Energy,0.6879457555177098,4,0.7248233763564175,train
374,Ulvon Renewables,0.7376546017882161,4,0.3055641828438817,train
375,Crevex Labs,0.5748596799861856,1,0.2434015754698397,train
376,Prynis Systems,0.4322159321464014,2,0.2260881885963411,train
377,Kelvik Power,0.9738488364414102,4,1.071426583264266,train
378,Orevar Marketplace,0.8089072656034163,1,0.6399458626334804,train
379,Joval Brands,1.2255567047792904,4,1.4736343992409147,train
380,Volval Devices,0.7190139747112084,2,0.16842271859726454,train
381,Nerven Grid,1.095313043797014,4,1.032073715629543,train
382,Arnik Commerce,0.48679493534927026,3,0.587334003688581,train
383,Zrovum Biopharma,0.576940765152467,2,0.24157839402822845,train
384,Myrnep Technologies,0.7260895262511108,3,0.4204795469642019,train
385,Jovor Networks,0.6520494476490599,2,0.048140137068895195,train
386,Jorvix Diagnostics,0.6348068715378182,6,0.5779853273650621,train
387,Myrnon Therapeutics,0.5177862413398344,2,0.5359410497419408,train
388,Wyrnik Sciences,0.610838491512346,1,0.7425050686785537,train
389,Dralol Computing,0.39974025966051985,2,0.4373626612052417,train
390,Frelol Software,0.9191366296868457,5,1.3548097756988229,train
391,Plevum Partners,0.8087548276864412,1,0.9308248270154925,train
392,Ervan Capital,0.3535528669352905,1,0.7071057338705811,train
393,Xovep Stores,1.0005264370789513,2,1.1821373621552989,train
394,Halven Investments,0.3535529964407607,1,0.7071059928815213,train
395,Ervan Capital,0.9288337639985834,5,0.9366725925615174,train
396,Zelvon Biosciences,0.353553194497747,2,0.707106388995494,train
397,Urvel Grid,0.41414432541318325,3,0.578386612864564,train
398,Varvov Retail,1.0665187825821454,3,1.0928177217667714,train
399,Pleven Trading,0.3565615535033399,2,0.07178708168264047,train
400,Strynal Industries,0.7010995739305643,4,0.0530271603449215,train
401,Zelvel Capital,1.0808295980200355,2,0.9504355645564266,train
402,Plevep Power,0.7444938958584333,2,0.36754316836150985,train
403,Crevol Retail,0.7136720819747455,1,0.5930784822057182,train
404,Prynis Systems,0.35353870664460785,2,0.7070774132892141,train
405,Plevik Energy,0.9939703469150308,2,1.203718907850402,train
406,Myrnep Technologies,0.6281671409523039,2,0.21409126034004256,train
407,Frelol Software,1.2708518574990797,6,1.343611728099799,train
408,Jorval Trading,0.8630146686370419,1,0.9733220879189491,train
409,Brevon Microchips,0.20235311405976594,1,0.09321760893673373,train
410,Creven Securities,0.7624185711515292,4,0.13473685860564677,train
411,Frelol Software,0.722821909564737,1,0.6626720146503695,train
412,Crevol Retail,0.532346662991885,2,0.368810411408651,train
413,Nolvol Resources,0.43092631682408933,1,0.037404887902764083,train
414,Volval Devices,0.751145503372935,3,0.7914832447290299,train
415,Relvan Software,0.8878275818098019,3,0.5572929985745967,train
416,Jorvix Diagnostics,0.5205485566419222,3,0.010759302364792278,train
417,Dralol Computing,0.34918344131964896,5,0.07464848357324338,train
418,Nolvol Resources,0.6114186442708711,2,0.43894790285451524,train
419,Jorvyl Securities,0.8995817603361743,3,0.6904175754338736,train
420,Jorvix Diagnostics,0.6093450177092821,5,0.5438361733530751,train
421,Wyrnor Solutions,0.6881352980202422,1,0.7500927323103684,train
422,Jorvyl Securities,0.3626958408117671,3,0.4233910651613551,train
423,Creven Securities,0.070721092827315,2,0.14144218565462358,train
424,Kelvos Resources,0.8965725254583875,4,0.6117406124238562,train
425,Jorvis Fuels,0.6702926197599199,4,0.026380687275736392,train
426,Arnos Marketplace,0.8428797798155432,7,0.7636880389282397,train
427,Relvos Biosciences,0.7071066276140862,3,1.4142132552281723,train
428,Yorval Partners,0.7090561433867772,2,0.47750314666788507,train
429,Yorvov Pharmaceuticals,0.8605726668974306,4,0.4447224207323034,train
430,Calvos Genomics,0.4933165588494111,3,0.18224193018137363,train
431,Calvis Sciences,1.0870868655714412,6,1.1887099566398285,train
432,Zelvix Therapeutics,0.6410507022892205,1,0.6809482760183425,train
433,Prynis Systems,0.44875664480310673,1,0.4442612546230505,train
434,Brevep Systems,0.6555793245611212,2,0.43033959673534916,train
435,Jorvix Diagnostics,0.6737524221159272,2,0.2140363528883455,train
436,Jovor Networks,0.6996882713418839,4,0.6392850402864833,train
437,Zrovum Biopharma,0.8243687555295411,4,0.678901329587887,train
438,Holtar Stores,0.0288675234656163,1,0.0,train
439,Zelvel Capital,0.37359636687175535,1,0.060487477076024865,train
440,Relvos Biosciences,0.4915024615180093,2,0.17158260057290586,train
441,Kelvik Power,0.37579038007192367,4,0.026794807092187456,train
442,Nolvav Commerce,0.8304075010823655,5,0.6183152267974549,train
443,Holtar Stores,0.6776386476643887,1,0.5584506595458544,train
444,Myrnon Therapeutics,0.347565008741986,4,0.004833860360994702,train
445,Orevov Solutions,0.6638160465304436,8,0.3169816069169219,train
446,Orevov Solutions,0.9118654201651251,3,0.19787568879827844,train
447,Orevar Marketplace,0.4242640546286742,6,0.8485281092573485,train
448,Yorvov Pharmaceuticals,0.8565254662154923,6,1.1669262348631149,train
449,Yorven Labs,0.7071065050252715,5,1.4142130100505432,train
450,Plevik Energy,0.8909842261919386,5,0.889876655725084,train
451,Jorvix Diagnostics,0.8396375722186521,2,0.8167966060409885,train
452,Myrnep Technologies,0.31166449502699306,3,0.07644277261989513,train
453,Creven Securities,0.7631412932935302,4,0.5929977499096459,train
454,Arnik Commerce,0.6480861748993474,2,0.1920646244706865,train
455,Frelex Outlets,0.5085458556397867,2,0.17935985394855125,train
456,Crevol Retail,0.9680703726493676,4,1.3782965635464266,train
457,Myrnep Technologies,0.5966865249561913,3,0.29118108059963904,train
458,Grevel Diagnostics,0.3663020731453204,2,0.5257555472939777,train
459,Arnos Marketplace,1.050679582855684,3,1.3145869471589564,train
460,Ulvyn Microchips,0.8058044427419542,2,0.8279325804538198,train
461,Krevum Pharmaceuticals,0.622026996590072,3,0.5032251419533691,train
462,Varvov Retail,0.5407243001105839,2,0.2847637328326602,train
463,Crevex Labs,1.0537718367494466,2,0.8266452670808657,train
464,Frelis Genomics,0.720530691982406,2,0.02533550730924017,train
465,Relvan Software,0.7071065980432252,4,1.4142131960864504,train
466,Grevel Diagnostics,0.4642573603663702,3,0.29823404888934724,train
467,Frelex Outlets,0.5883586629619888,3,0.26987936750800484,train
468,Halvix Holdings,0.9085335552093551,3,1.094560542942792,train
469,Jovik Asset,0.8983567144504907,3,0.8657884968934507,train
470,Zrovov Advisors,0.8938349669291622,2,0.5814356115895953,train
471,Frelis Genomics,0.6196580675933349,5,0.693918727098216,train
472,Urvel Grid,0.21100732910638553,5,0.20788655450014978,train
473,Ilval Financial,0.7268581469555787,4,0.5147228164666904,train
474,Ervan Capital,0.49488267827943233,3,0.08467488634225134,train
475,Zrovex Industries,0.8527727265628529,3,0.5431888794549933,train
476,Zrovum Biopharma,0.28157692003532697,1,0.006943395814986708,train
477,Jorvix Diagnostics,0.37491607514244774,1,0.14476166164011592,train
478,Yorvov Pharmaceuticals,1.3358212892630663,5,1.6298177235718911,train
479,Grevel Diagnostics,0.24748736388601533,1,0.49497472777203066,train
480,Jovik Asset,0.5287905777712073,3,0.4522886350615126,train
481,Arnos Marketplace,0.6603543478158229,4,0.1964434406607382,train
482,Xelvol Biotech,0.7559852160995989,2,0.6266515091244813,train
483,Yorval Partners,0.525431605098121,3,0.25245920083024076,train
484,Yorven Labs,0.9412830360938036,3,0.6538306989484362,train
485,Halvav Brands,0.502232643409438,5,0.034748963145856626,train
486,Krevan Investments,0.6654363662729029,3,0.13677654397995298,train
487,Nolvol Resources,0.911239216806164,3,0.7489030155642744,train
488,Crevol Retail,1.291488955378763,5,1.4604348907500628,train
489,Wyrnor Solutions,0.6541451562221161,3,0.8562177344581741,train
490,Zrovex Industries,0.4949732241457541,2,0.9899464482915082,train
491,Talvix Holdings,0.9904011647240245,3,1.0268368936613204,train
492,Frelis Genomics,0.07071099942992273,2,0.14142199885984547,train
493,Frelol Software,0.871118705830358,3,0.9185843513221064,train
494,Yorvov Pharmaceuticals,0.7101776038729962,2,0.042210559761777455,train
495,Yorval Partners,0.47916733057361444,1,0.08948785732423098,train
496,Brevon Microchips,0.7054781719946795,3,1.0016383851902348,train
497,Ilval Financial,0.5303299532123784,1,1.0606599064247568,train
498,Prynis Systems,0.6074070357063571,3,0.37237099786823863,train
499,Halvax Networks,0.6277616052053904,4,0.5411147232788304,train
500,Calvos Genomics,0.8118466347737607,3,0.31240423118557975,train
501,Yorvov Pharmaceuticals,0.6226764984498284,4,0.5778173053580312,train
502,Ixenis Outlets,0.07071070350844766,1,0.1414214070168952,train
503,Frelis Genomics,0.39829828448451887,1,0.17576650976931638,train
504,Jorvis Fuels,0.7843132383521281,3,0.5650530968088404,train
505,Wyrnik Sciences,0.5966639365785387,4,0.1731450828406122,train
506,Frelex Outlets,1.0380528004663307,3,1.1797857686715583,train
507,Zrovex Industries,1.177307409547014,3,1.3453805197789424,train
508,Relvan Software,0.3421318097678169,1,0.1546863380887798,train
509,Yorval Partners,0.7244943926599492,3,0.22653249898124417,train
510,Ixenis Outlets,0.6768385251668518,1,0.7078769262075695,train
511,Talvyn Goods,0.7926919076519491,2,0.842993981120187,train
512,Plevik Energy,0.07073618254486734,1,0.14147236508973465,train
513,Grevon Biotech,0.8571138657488576,5,0.6495445687323214,train
514,Zelvon Biosciences,1.1626902246220392,4,0.7082859711146561,train
515,Halvav Brands,0.33819235749057247,1,0.05235202183066706,train
516,Grevon Biotech,0.7521011160918921,4,0.3064458774936922,train
517,Wyrnor Solutions,1.0590768080346633,5,1.0813106522479645,train
518,Ervan Capital,0.13301579984765222,3,0.1175196557039834,train
519,Brevep Systems,0.5035862083395083,4,0.11228153450215905,train
520,Strynal Industries,0.8449248061532236,3,0.7734249842803809,train
521,Wrelal Financial,0.9691496295312337,4,1.3348728929950422,train
522,Jorvis Fuels,0.4974353803112018,2,0.12273980276157814,train
523,Ixenis Outlets,1.057147902749045,4,1.147499275885942,train
524,Nolvis Devices,0.5169655354322864,2,0.2425780026608204,train
525,Zrovum Biopharma,0.43433933308624434,3,0.1116791160991833,train
526,Kelvos Resources,0.9286199267789015,3,0.8984571685920866,train
527,Creven Securities,0.7214659795791354,2,0.8604878439790286,train
528,Plevyl Advisors,1.3240053567180416,4,1.6250333474162075,train
529,Nolvav Commerce,0.5787945934732992,2,0.35253901324655146,train
530,Ervan Capital,0.8212082529152661,2,0.9173391461920214,train
531,Orevex Renewables,0.5729881581449768,4,0.23528186184732852,train
532,Plevep Power,0.5500436837993326,4,0.08866142941485011,train
533,Zrovex Industries,0.6226409324334964,1,0.2062985931812858,train
534,Holtum Asset,0.7539281917378732,4,0.026761794260260596,train
535,Calvos Genomics,0.7715701143597841,2,0.49427671264336404,train
536,Krevan Investments,1.370990336687602,4,1.5809678207159579,train
537,Arnik Commerce,0.14142296454715494,4,0.2828459290943099,train
538,Ulvyn Microchips,0.8577367604039368,5,1.0312799836883242,train
539,Halvax Networks,0.6843740645777358,9,0.3875319611394508,train
540,Brevep Systems,0.7510406671490996,3,0.7606843035297122,train
541,Wrelal Financial,0.42911765685163383,3,0.034301481434748426,train
542,Krevum Pharmaceuticals,0.8037492800654229,1,0.5954030979787005,train
543,Arnos Marketplace,0.2958872172604823,3,0.04262368242416681,train
544,Jorvix Diagnostics,0.637977782178019,1,0.4071331466617797,train
545,Xovol Goods,0.4812579982667522,1,0.5612669510960171,train
546,Zelvon Biosciences,0.3938297335584902,3,0.1378172865908489,train
547,Zelvel Capital,1.002681529854767,4,1.0508410634840042,train
548,Volval Devices,0.1414199743902224,4,0.28283994878043595,train
549,Nerven Grid,0.4296302324646174,3,0.32024856415174374,train
550,Volval Devices,0.26287428383634054,1,0.14179960522334334,train
551,Nerven Grid,0.7488222645371735,2,0.28211662190827813,train
552,Zelvel Capital,0.7300561844634237,2,0.5393660169620245,train
553,Nerval Biopharma,1.353153962135811,5,1.505276859346496,train
554,Krevum Pharmaceuticals,0.6064620368987721,5,0.1878594147551213,train
555,Nerval Biopharma,1.2650471645126242,3,1.454857850909436,train
556,Xelvol Biotech,0.6996091762419926,4,0.7170310148134137,train
557,Crevol Retail,0.8886838452947435,2,0.5964602237389549,train
558,Prynis Systems,0.6234862515729058,3,0.16437381139119833,train
559,Strynal Industries,0.6104283418286162,2,0.5513139149277063,train
560,Jovor Networks,1.176170219793493,4,1.2572449543139994,train
561,Ulvyn Microchips,1.1555288213518615,6,1.082038886778958,train
562,Frelex Outlets,0.9174854977836351,7,0.44155043114869896,train
563,Nolvis Devices,0.66402873884286,5,0.3750255381279411,train
564,Krevum Pharmaceuticals,1.1352158014671174,3,0.992382481589653,train
565,Wyrnor Solutions,0.5250687003790342,3,0.08590261105604508,train
566,Relvos Biosciences,0.5224902174601982,4,0.6266724348948557,train
567,Urvel Grid,0.7663805456873155,1,0.8062493714038377,train
568,Zrovov Advisors,0.4234002986654423,7,0.0496392198977309,train
569,Zelvix Therapeutics,0.19441070856221782,1,0.02308514500844938,train
570,Varvov Retail,0.7799611240273265,2,0.8996086433839475,train
571,Wyrnor Solutions,0.5883478827017649,3,0.8170295788030741,train
572,Grevon Biotech,0.513186907011213,3,0.07579600547681725,train
573,Ixenix Technologies,0.7364115067146157,2,0.20195771157008113,train
574,Nolvol Resources,0.7984692896732082,3,0.7916745892101164,train
575,Nerval Biopharma,0.705988309148766,2,0.11785054834230646,train
576,Frelis Genomics,1.3275884334999453,6,1.1781296496627358,train
577,Xovol Goods,0.9670985558523528,3,0.7802651098690616,train
578,Wrelal Financial,0.7128990673608905,1,0.8031252327193866,train
579,Pleven Trading,0.6187698566866716,2,0.41783070982277065,train
580,Crevol Retail,0.6996573398622898,2,0.20674310117537426,train
581,Relvan Software,1.2052126392010052,4,1.223338956887615,train
582,Talvep Computing,0.9769607296198953,3,0.5954598549544463,train
583,Strynal Industries,0.8147295963885473,6,0.7259485132538206,train
584,Crevex Labs,0.521902648486781,2,0.37385882223676054,train
585,Halvix Holdings,0.8580758251343392,2,0.927952726015711,train
586,Zrovov Advisors,0.40377266589101146,3,0.18882728251601846,train
587,Creven Securities,1.1635552426215505,5,1.067332127252439,train
588,Relvan Software,0.3042764534693586,5,0.06864072044215513,train
589,Zelvon Biosciences,1.1728835148903416,2,0.7224213358280588,train
590,Orevex Renewables,1.2139434376622806,3,1.1036955535694106,train
591,Relvos Biosciences,0.8334617290950247,3,0.8255745322792062,train
592,Ulvon Renewables,0.48727014815487313,2,0.31730456919000216,train
593,Jorval Trading,1.017105004270095,4,0.6282554974372573,train
594,Ulvyn Microchips,0.6398288843719901,1,0.09058491531078361,train
595,Jorvix Diagnostics,0.5493361269405086,2,0.17071644675319453,train
596,Relvon Fuels,0.5735612851177826,3,0.3284123736521508,train
597,Wyrnik Sciences,0.8499358769023326,3,0.5227512661364339,train
598,Orevex Renewables,0.3789409413096887,2,0.012910362612534698,train
599,Nolvol Resources,0.46423300931267186,1,0.16058978624131542,train
600,Zelvix Therapeutics,0.9271337328917335,2,0.9716686458769764,train
601,Zrovex Industries,1.0943684390553594,5,0.9800793413698936,train
602,Nolvav Commerce,0.7847953838525282,3,0.5081033494974725,train
603,Talvep Computing,0.5465467440000944,5,0.1859947470172152,train
604,Prynis Systems,0.30412970591794686,1,0.18472712132093602,train
605,Krevan Investments,0.4610601065511582,2,0.4555443201220648,train
606,Orevar Marketplace,0.9329531585602991,3,0.9581569564052695,train
607,Creven Securities,0.8328131672556864,2,0.7950169539751124,train
608,Jorvis Fuels,1.052732871762689,2,1.0891723289472028,train
609,Ulvyn Microchips,0.7075187382491228,4,0.7755724003935376,train
610,Varvov Retail,0.7304584701312429,1,0.5238231782440896,train
611,Zelval Energy,0.6083326115008961,1,0.09152719064598369,train
612,Halven Investments,0.37691853145577986,4,0.46937160741910566,train
613,Relvan Software,0.5947075552980017,1,0.465067871231358,train
614,Urvel Grid,1.0325205166671283,7,1.1497944401041584,train
615,Joval Brands,0.8591315583511772,3,0.23668095073030893,train
616,Zrovum Biopharma,0.7443020582261823,1,0.7705458101225716,train
617,Calvos Genomics,0.8198638925943865,2,0.7322276002252426,train
618,Nerval Biopharma,1.0368878727790807,2,0.9533261537912162,train
619,Grevon Biotech,1.0606956882270124,4,0.8555513004110838,train
620,Relvan Software,0.4564472613954652,1,0.19895489826121904,train
621,Halvix Holdings,0.7699929488494791,3,0.13659650307458104,train
622,Zelval Energy,0.32323912791866366,4,0.20900549129147877,train
623,Jorvis Fuels,0.6975615511604303,2,0.5065098206364068,train
624,Kelvik Power,0.49240152516077884,3,0.18750664707563408,train
625,Frelex Outlets,0.4505799905410016,1,0.22217793407997763,train
626,Calvis Sciences,0.24292930502095408,4,0.2771306645047036,train
627,Nerval Biopharma,0.8673722524075151,2,0.09536859574023404,train
628,Holtar Stores,0.5627709620748235,5,0.4153285624746343,train
629,Plevep Power,0.41649621349808413,3,0.2850629885383617,train
630,Jorvix Diagnostics,0.8645649002765731,1,0.8889321994309841,train
631,Ulvon Renewables,0.5996162776860562,2,0.19625272355749773,train
632,Brevon Microchips,0.5721268706904391,3,0.03760448124467042,train
633,Talvix Holdings,0.7350878821814841,6,0.7139428238658209,train
634,Holtum Asset,0.7370729257339961,1,0.5578512232804654,train
635,Crevol Retail,1.0378109135644555,3,1.097781114126297,train
636,Yorven Labs,1.09147182205802,5,0.7660996309274294,train
637,Myrnon Therapeutics,0.3397179941080925,1,0.15940978946518064,train
638,Talvyn Goods,0.9444116545335891,2,0.8844963759672094,train
639,Grevon Biotech,0.3865309278955398,1,0.41506408406900186,train
640,Xovol Goods,0.5957713314749445,4,0.16522637547005942,train
641,Creven Securities,1.0259962901904291,5,0.7659599341692679,train
642,Relvos Biosciences,1.099881799857607,3,1.642776831595068,train
643,Prynis Systems,1.432971994427323,5,1.6750694788143636,train
644,Xelvol Biotech,0.7720781903441928,7,0.5071322608948708,train
645,Orevex Renewables,1.0344502862146998,2,1.213047793712004,train
646,Kelvos Resources,0.5282472764325588,5,0.04166245360623155,train
647,Urvel Grid,1.113179913200607,3,1.4990105191312635,train
648,Zelval Energy,0.22851678191619468,1,0.2039306192449569,train
649,Myrnep Technologies,1.3098568637166186,3,1.3603496353452853,train
650,Ulvyn Microchips,0.495026538799333,1,0.4365558667159438,train
651,Jorval Trading,0.8826315080390326,4,1.2590105178518642,train
652,Crevex Labs,1.0162929390466426,4,1.3905204128776552,train
653,Wyrnor Solutions,0.47843283848811285,3,0.34818258769621546,train
654,Nolvis Devices,0.12012134043251937,1,0.06727910367504028,train
655,Halvav Brands,0.8115765967388192,2,0.565808224712006,train
656,Jorval Trading,0.9002632206352853,3,0.7276700001433705,train
657,Grevel Diagnostics,0.8699056925162909,4,1.2901628107027339,train
658,Joval Brands,1.3742908076172553,5,1.459628649904553,train
659,Relvan Software,0.4497725499066736,5,0.38021678262166136,train
660,Relvos Biosciences,0.9934247290870177,2,0.6158691653720103,train
661,Ulvon Renewables,0.6323680166386575,6,0.08711985386478549,train
662,Nerval Biopharma,0.21213152054210976,3,0.4242630410842195,train
663,Talvix Holdings,1.1845418597751383,3,1.0842255492901764,train
664,Halvax Networks,0.5494565603441776,2,0.2037961691233986,train
665,Ixenis Outlets,0.8289177099675606,9,0.3898254571508313,train
666,Talvyn Goods,0.924508676744133,5,0.9546819533229154,train
667,Ixenix Technologies,0.8684219300686324,4,0.5246063247875997,train
668,Crevol Retail,1.2360442495175863,5,0.9494483590127354,train
669,Halven Investments,0.1414218863605456,3,0.28284377272109096,train
670,Dralol Computing,0.6592719020607457,1,0.3002867145925398,train
671,Plevep Power,0.5120000580163346,2,0.2787013539445644,train
672,Ervan Capital,0.63230200070886,2,0.34996015769001143,train
673,Relvon Fuels,0.5938897916370616,3,0.3912250739575983,train
674,Jorvyl Securities,0.5553685297268108,3,0.8240365285193464,train
675,Krevan Investments,0.7649612429749029,1,0.8872342672927164,train
676,Xelvol Biotech,0.8111269620635261,2,1.1373504434322337,train
677,Ilval Financial,1.0373235727377341,4,0.41467759994364706,train
678,Ulvon Renewables,0.6181514708431548,3,0.7908604488392397,train
679,Zelvel Capital,0.3781996428065153,1,0.3466235918184138,train
680,Wyrnik Sciences,0.6963122089809501,2,0.36535582940254246,train
681,Halven Investments,0.4392198893828398,5,0.6282811803603285,train
682,Jorvyl Securities,0.7832171159111834,2,0.7176983796719811,train
683,Myrnon Therapeutics,0.7801119344570508,1,0.5266033817942719,train
684,Grevel Diagnostics,0.4320083672200098,3,0.1713396049406251,train
685,Plevep Power,0.5317133253372911,1,0.4129841302000668,train
686,Halvax Networks,0.6795448517471775,1,0.9596044799298648,train
687,Frelis Genomics,,2,,train
688,Zrovov Advisors,0.6393775822733958,1,0.8186567784986452,train
689,Orevar Marketplace,1.1444984951868207,3,0.7303847776490046,train
690,Jorvyl Securities,0.45936836380964197,1,0.6728874641830724,train
691,Crevex Labs,0.6391162891231481,5,0.13850144583648483,train
692,Zrovex Industries,0.6443589743667455,2,0.5146262339997961,train
693,Zelvel Capital,0.6468049554528867,2,0.7261416814864238,train
694,Relvos Biosciences,0.5337927977476629,1,0.5749659852376579,train
695,Calvos Genomics,0.7553317204777104,3,0.2381686861247736,train
696,Nolvis Devices,0.9828420215920501,4,1.3227310432915136,train
697,Varvov Retail,1.0705375002453348,4,0.5983894090756179,train
698,Zelvon Biosciences,0.41023799646077325,3,0.3188959443220074,train
699,Calvis Sciences,0.3535532177837276,4,0.7071064355674552,train
700,Ixenis Outlets,0.8477555755681693,4,0.1766017160045541,train
701,Relvon Fuels,0.5415514507358524,1,0.1634107910234177,train
702,Krevan Investments,0.7200171863205894,2,0.8303285102609794,train
703,Orevar Marketplace,0.7621245035218605,3,0.5801087849983844,train
704,Grevon Biotech,0.7728177747404607,4,0.33427395201267596,train
705,Plevik Energy,1.046027961255713,3,0.6247779871281796,train
706,Calvis Sciences,0.42426423172322936,5,0.8485284634464583,train
707,Ulvyn Microchips,0.7553153591232884,1,0.6049582877841384,train
708,Crevex Labs,0.9554285354155172,2,1.0034180472424765,train
709,Arnik Commerce,0.7071062177327927,4,1.4142124354655854,train
710,Urvel Grid,0.7293003150586641,2,0.14738255107938536,train
711,Krevan Investments,0.7277961107866434,2,0.019074757088692773,train
712,Orevar Marketplace,0.9924370931065094,2,0.8780011358013463,train
713,Nolvav Commerce,1.092950723398287,3,1.1594574709016296,train
714,Myrnep Technologies,0.8981307961455656,2,0.4648924794661878,train
715,Wyrnik Sciences,0.8431040829811635,2,0.7753878482949258,train
716,Varvov Retail,0.547063563434013,3,0.28416766352740674,train
717,Wrelal Financial,0.28200284128368214,3,0.3733290212974776,train
718,Grevel Diagnostics,1.1126684544664285,3,0.8798477982486481,train
719,Arnik Commerce,0.8096329546812462,4,0.3674152636096756,train
720,Orevov Solutions,0.85552100305692,3,0.4433259390409795,train
721,Holtar Stores,1.021341737977829,4,1.0767239232840486,train
722,Plevep Power,0.4866397508242736,3,0.0036949792845996088,train
723,Grevel Diagnostics,0.5917896703996387,2,0.45783448695121215,train
724,Frelis Genomics,0.9400950128662198,2,0.697219539095548,train
725,Nolvol Resources,0.36566744220731623,3,0.1595063364089316,train
726,Joval Brands,0.3253268056756321,3,0.25812605904699126,train
727,Jorval Trading,1.1565189072915312,6,1.342616806220088,train
728,Zelval Energy,0.7605874727819728,2,0.44967507952703956,train
729,Jorvix Diagnostics,0.8245808107113138,4,0.4635969326655989,train
730,Nerval Biopharma,0.8289926719734351,7,0.7026370247261815,train
731,Jovik Asset,0.642332956717986,2,0.29807330532104526,train
732,Nerval Biopharma,0.7865350467918624,2,0.47789172372815475,train
733,Talvyn Goods,0.316499355958244,3,0.059801712200311274,train
734,Orevar Marketplace,0.6825702404511698,3,0.17602556626080712,train
735,Urvel Grid,0.8863051852217803,2,0.6395701820720849,train
736,Brevep Systems,0.35355316049375207,2,0.7071063209875041,train
737,Kelvik Power,0.41418487756789407,2,0.3517731857688094,train
738,Grevon Biotech,0.6557548138377638,1,0.5224717430444352,train
739,Krevan Investments,0.7737471693582699,2,0.5127029714706617,train
740,Krevan Investments,0.7037335349196647,2,0.9471492994320176,train
741,Kelvik Power,0.21213195969642729,4,0.4242639193928546,train
742,Grevon Biotech,0.47562802718987063,3,0.6695980666762932,train
743,Ervan Capital,0.8499708530727558,6,1.2368302156703816,train
744,Zelvon Biosciences,0.7495953547307559,1,0.49728959121414323,train
745,Holtum Asset,0.6630041435714404,5,0.25231586117650134,train
746,Xovep Stores,0.7931281789309218,3,1.046203859962675,train
747,Crevex Labs,0.8167843168100002,5,0.937660983688751,train
748,Orevex Renewables,0.5468391093965022,1,0.1477045482280518,train
749,Creven Securities,0.645515189263696,2,0.0293357389252189,train
750,Jovor Networks,0.7244708923193061,3,0.059089063485647686,train
751,Wyrnor Solutions,0.18013839548001853,3,0.16836523257389435,train
752,Zelvel Capital,1.005186504842153,2,1.2132823848058565,train
753,Zrovum Biopharma,0.48831313897912043,2,0.6586711998821432,train
754,Brevon Microchips,0.7733738647754815,2,0.8352745908859882,train
755,Jovor Networks,0.5413790159385883,2,0.10061977517827342,train
756,Talvix Holdings,0.6935618124280741,2,0.9829298058921272,train
757,Crevex Labs,0.6720099564104607,3,0.12558568090045108,train
758,Volval Devices,1.0932391450681496,3,1.127430853052151,train
759,Ervan Capital,0.517131026687716,4,0.2802496341153251,train
760,Nolvav Commerce,0.5873761223533942,1,0.48606220387963417,train
761,Talvyn Goods,0.9112261113350963,4,0.6927981494450747,train
762,Krevum Pharmaceuticals,0.9546136530215837,6,1.0123975631994029,train
763,Halvix Holdings,0.645626594536586,3,0.17067282016912677,train
764,Pleven Trading,0.9827958520908209,2,1.0020968086038171,train
765,Ilval Financial,0.4727525200649864,2,0.40152082238663495,train
766,Urvel Grid,0.524384108806768,2,0.1886921345155257,train
767,Nerval Biopharma,0.21459348372966797,2,0.18427995640922143,train
768,Zrovov Advisors,0.3607002386911745,1,0.1707998987509753,train
769,Arnos Marketplace,0.5102908054413924,3,0.7551030077104407,train
770,Calvis Sciences,0.8992407585010895,4,0.3212965394786498,train
771,Plevum Partners,0.7668143080653194,2,0.5634290956399832,train
772,Plevik Energy,0.7940306612979783,2,0.3432107803495469,train
773,Nolvis Devices,0.8140268645517694,1,0.747072297990033,train
774,Creven Securities,0.7150662037119638,4,0.395146952381971,train
775,Relvon Fuels,0.26133344311665374,4,0.09808481285049236,train
776,Urvel Grid,0.6598357042260728,3,0.9573740256541293,train
777,Yorvov Pharmaceuticals,0.567532616095068,2,0.7028177850153349,train
778,Myrnep Technologies,1.2742990467727981,5,1.2573923840508126,train
779,Ilval Financial,0.7066876568859187,6,0.3754360265039541,train
780,Varvov Retail,0.6200565292448853,1,0.10980865511378324,train
781,Yorven Labs,0.9642992661513208,4,1.221152431601826,train
782,Plevik Energy,0.984583126179703,2,1.1068089699221388,train
783,Nerven Grid,0.8739650952250948,2,0.7859812906969362,train
784,Zelvon Biosciences,0.8800915415667708,3,0.6423779964971557,train
785,Relvon Fuels,0.625669774870866,1,0.565090779914577,train
786,Nolvol Resources,0.4481230257392652,4,0.5226063298140685,train
787,Halvav Brands,0.7255098295348135,4,0.4147103566049636,train
788,Talvyn Goods,0.7661125203344321,1,0.6112674150889235,train
789,Calvos Genomics,0.8606207397048506,1,0.8215496194838632,train
790,Plevep Power,0.8420796552442562,5,0.5128533307583167,train
791,Zrovov Advisors,0.6517950697936745,4,0.720854725927444,train
792,Zelval Energy,0.7829810295615593,5,0.31162442202099444,train
793,Krevan Investments,0.3363190361188344,3,0.20840092743999558,train
794,Krevum Pharmaceuticals,0.4504789280534522,3,0.6364170411667103,train
795,Krevum Pharmaceuticals,0.7524695418688246,1,0.6266076796966087,train
796,Crevex Labs,1.0653768150826597,4,0.7450949150923069,train
797,Zelvix Therapeutics,0.6295692325146215,2,0.12958731839519477,train
798,Jorvyl Securities,0.8024609762796593,4,0.4576733669509592,train
799,Halvix Holdings,0.2169559219870668,5,0.10195906576581953,train
800,Zrovex Industries,0.9405678544832784,4,0.6858288056380157,train
801,Zelvel Capital,1.0230248977205982,4,1.0964907750716537,train
802,Wyrnor Solutions,0.6547138040399727,2,0.5733850948799606,train
803,Xovep Stores,0.7828195840384254,4,1.0496303724919689,train
804,Urvel Grid,0.5113188759073432,4,0.7440011480400602,train
805,Grevon Biotech,0.7427211945913073,3,1.0246630505323193,train
806,Yorven Labs,0.6424214206142306,1,0.3084878517652211,train
807,Krevum Pharmaceuticals,0.8785227861089433,3,0.6931022491348872,train
808,Plevum Partners,0.7349685120453563,3,0.7522145582607696,train
809,Calvis Sciences,0.7965053436615716,4,0.5029622628630754,train
810,Zelvel Capital,0.49381414905861754,3,0.006794026557784161,train
811,Xelvol Biotech,0.3706595052571906,1,0.09135131297561905,train
812,Zrovov Advisors,0.8987214976426069,1,0.727090643975493,train
813,Prynis Systems,0.8272040590428439,3,0.7305245327772925,train
814,Talvep Computing,,2,,train
815,Zelvix Therapeutics,0.5581474699002247,2,0.28832038039046404,train
816,Orevov Solutions,0.7384481461168493,2,0.5455071392792863,train
817,Ixenix Technologies,0.29645660600883017,4,0.2111434107283196,train
818,Nolvav Commerce,0.5397471683098771,4,0.0038884570337528457,train
819,Orevov Solutions,0.4936469663168005,3,0.5739126796155076,train
820,Nerven Grid,0.5904794062011266,1,0.37698893726319804,train
821,Zelvel Capital,0.3108579096329553,2,0.1994537158632787,train
822,Relvos Biosciences,1.015887922725341,4,0.5218871414848302,train
823,Prynis Systems,0.6969887765775749,1,0.8310175911842766,train
824,Xovol Goods,0.606957650884026,4,0.3756621907170699,train
825,Brevep Systems,0.5696108597081099,2,0.36892694300203677,train
826,Plevep Power,0.761109429829559,6,0.5209178166824807,train
827,Xovep Stores,1.142665437569452,3,0.7322334229433546,train
828,Zrovex Industries,0.902903525143774,3,0.7564390239171954,train
829,Zelvon Biosciences,1.0162780426149234,5,0.44856837805551175,train
830,Plevum Partners,0.319908117625287,2,0.014217566398738668,train
831,Arnos Marketplace,0.5045506818800284,1,0.4238243777897358,train
832,Nerven Grid,0.9205817472757013,4,0.39869754319370665,train
833,Frelex Outlets,0.6764494220497201,5,0.5342104081798704,train
834,Jorvyl Securities,0.6529382772845169,4,0.8509034258580825,train
835,Yorval Partners,0.5475635963933021,2,0.6195193012737636,train
836,Zelval Energy,0.6794525152778179,4,0.12974484144068354,train
837,Kelvik Power,0.5184485185635129,6,0.06040019333558966,train
838,Wrelal Financial,1.1367960855988435,4,1.579658204646006,train
839,Orevar Marketplace,0.566084926820573,5,0.02269183782278339,train
840,Orevar Marketplace,0.8969574558981046,4,0.8821091810024871,train
841,Wyrnik Sciences,0.6455988111015424,5,0.3173823064163789,train
842,Krevan Investments,0.5457190530434028,2,0.23837141513942073,train
843,Relvon Fuels,1.1207830950705526,4,0.9607567644344337,train
844,Zrovov Advisors,1.0888428009874913,4,1.3277838780588984,train
845,Talvix Holdings,0.740940647358429,6,0.924603402200423,train
846,Plevyl Advisors,0.7690719620610967,2,0.736326778753939,train
847,Prynis Systems,0.48063599238013,2,0.14629935212026945,train
848,Orevex Renewables,0.9097896297563418,1,0.9853156834834791,train
849,Brevon Microchips,0.46733579421067806,3,0.4006730406658712,train
850,Nolvol Resources,0.4683303108721697,3,0.611541915432295,train
851,Ixenix Technologies,0.8319669174734634,6,0.3539824613448077,train
852,Prynis Systems,0.5802043323898822,2,0.28657085194194754,train
853,Wyrnor Solutions,0.2856939100934984,4,0.11288287998334284,train
854,Zrovum Biopharma,0.5766472073512993,1,0.8617514443099445,train
855,Yorval Partners,0.5555706579060511,5,0.3924000314687345,train
856,Plevyl Advisors,0.8449286125905383,1,0.6664581420290726,train
857,Crevol Retail,1.051813950244009,4,0.9470561653632896,train
858,Jovik Asset,0.9956500692682182,3,1.2950651291421762,train
859,Crevol Retail,0.4122298659852527,3,0.10132429665565684,train
860,Zrovum Biopharma,0.3321100164367615,2,0.22136120676112042,train
861,Holtar Stores,1.2861995466952572,4,1.4506996888498616,train
862,Jorvix Diagnostics,0.5913895191781178,3,0.4418524435399669,train
863,Ulvyn Microchips,0.9482116378502156,2,0.9050499294751364,train
864,Prynis Systems,0.5778518841170218,1,0.09122676886438613,train
865,Pleven Trading,0.5786797199762245,4,0.4525622273971264,train
866,Creven Securities,0.6808858486704176,3,0.22114675749068724,train
867,Talvyn Goods,0.5947239352235134,3,0.2901620055980818,train
868,Krevan Investments,0.5568813242367858,2,0.27689316146130954,train
869,Holtum Asset,0.8703344329978757,3,0.9457821342081052,train
870,Ixenis Outlets,0.8835785494816327,5,0.8403534585022341,train
871,Plevyl Advisors,1.0126784914616578,4,0.9722730892477819,train
872,Relvon Fuels,0.9971537023882157,3,0.916611430067021,train
873,Strynal Industries,0.5086331572476824,2,0.6961250830066003,train
874,Plevik Energy,1.0055549265980723,2,1.218879593574574,train
875,Crevol Retail,0.8022188649450035,6,0.39668064287565025,train
876,Krevum Pharmaceuticals,0.6925026704519343,1,0.563205942815165,train
877,Wyrnor Solutions,0.5564851818273553,1,0.2048542408990633,train
878,Brevon Microchips,1.2408478491001036,5,1.3343777727246633,train
879,Grevon Biotech,0.16549317551256568,1,0.028204206863238268,train
880,Xovep Stores,0.771150780839461,5,0.5074952340782051,train
881,Wyrnik Sciences,0.20210867856707335,2,0.2753012238117181,train
882,Talvep Computing,0.9232383232209828,6,0.622798737459339,train
883,Plevik Energy,0.6046110916670415,1,0.3894677974493624,train
884,Ixenis Outlets,1.3471781877828355,4,1.3653378293464347,train
885,Zrovex Industries,0.9924819501817524,2,1.1601605395726478,train
886,Urvel Grid,0.5735492690246745,2,0.4803042534105456,train
887,Krevum Pharmaceuticals,0.6935231656910028,3,0.4501267253029855,train
888,Plevik Energy,0.5704433032061089,1,0.41364623635596814,train
889,Jorval Trading,0.31281268887972946,5,0.2974827637434872,train
890,Talvyn Goods,1.148873279186333,4,1.334471096165619,train
891,Plevep Power,0.5098324915146648,1,0.2819858469962535,train
892,Relvan Software,0.6558502419652182,3,0.5972617254928211,train
893,Grevel Diagnostics,0.5550984358011635,3,0.20697063332429422,train
894,Halvax Networks,0.5624443465019708,2,0.15516153624398665,train
895,Holtum Asset,1.076338746753126,2,1.1437372790507334,train
896,Yorval Partners,0.32157123558549316,1,0.04608564811175031,train
897,Zelval Energy,0.42261160039497586,2,0.4165369849527518,train
898,Orevar Marketplace,0.8548149420514176,5,0.5001576869956632,train
899,Plevik Energy,0.5098692724257194,1,0.17060625756846842,train
900,Wyrnik Sciences,0.7715217119553568,1,0.6201844894425588,train
901,Talvix Holdings,0.9330471597726969,2,0.6831509331753235,train
902,Orevov Solutions,0.9615898752163481,3,0.7366937399695369,train
903,Halven Investments,0.5534113528598817,1,0.06007266047082854,train
904,Arnos Marketplace,0.29574586639653916,2,0.15777310598576205,train
905,Arnos Marketplace,0.741577730389561,3,0.8120901283459447,train
906,Talvyn Goods,0.9462682043210697,2,0.9881243256997355,train
907,Zelvix Therapeutics,1.2902802040326211,5,1.4330366220569264,train
908,Holtar Stores,0.9835109001321023,2,1.2576531219212783,train
909,Jorval Trading,0.796684559347916,3,0.7080632144611128,train
910,Plevum Partners,0.49464094108820905,3,0.07894274305637805,train
911,Relvon Fuels,0.9340493364624544,3,1.2625237098400626,train
912,Plevyl Advisors,0.6645300489814725,2,0.07282365321721063,train
913,Ulvon Renewables,0.717653685471437,8,0.3570261844973089,train
914,Varvov Retail,0.7071064930868945,4,1.414212986173789,train
915,Yorval Partners,0.8260148958111899,8,1.091197076435847,train
916,Zelvel Capital,0.9600431388500629,2,0.8408719848523712,train
917,Zrovov Advisors,1.106220736686261,3,0.9641215508284122,train
918,Halven Investments,0.4091935137600252,2,0.20947113539069678,train
919,Halven Investments,0.2765509462124365,4,0.18627648501703148,train
920,Kelvos Resources,0.7302032853318554,1,0.6734907174426775,train
921,Urvel Grid,0.5578106581967567,4,0.22101410278129613,train
922,Xovep Stores,0.7531485091662501,2,0.6340268048706548,train
923,Jorval Trading,0.4726223310224168,1,0.22176122459403425,train
924,Nolvav Commerce,0.5432699898141069,4,0.5961715310158517,train
925,Halvax Networks,0.70523176230205,3,0.41241421467702444,train
926,Zelval Energy,0.07071067166666056,2,0.14142134333332113,train
927,Grevon Biotech,0.5131048820532673,3,0.20798182318481068,train
928,Strynal Industries,0.568897997574031,2,0.13115855453327152,train
929,Jorvyl Securities,0.7774856410757277,5,0.09977214866257367,train
930,Nolvis Devices,0.605759567873052,4,0.34844587478420797,train
931,Plevep Power,0.5441797660425584,3,0.4312336409121825,train
932,Brevon Microchips,0.035355333794382646,5,0.07071066758876524,train
933,Pleven Trading,0.7780767909552856,3,0.5240912364000914,train
934,Plevep Power,0.6419292052915143,2,0.0027875484718059562,train
935,Myrnon Therapeutics,1.2903330080920408,4,1.572728019484774,train
936,Zrovex Industries,0.353551943068851,1,0.707103886137702,train
937,Halven Investments,1.3515779431612287,3,1.4493148372222455,train
938,Joval Brands,1.023546972900048,4,0.5496488065247873,train
939,Orevov Solutions,0.7812886281998126,4,0.3718668889862653,train
940,Zelvon Biosciences,0.5792717166371387,2,0.3052641293114967,train
941,Relvos Biosciences,0.6223849841762326,2,0.1099830621958362,train
942,Arnos Marketplace,0.24216651600610098,2,0.26058411774896195,train
943,Ulvyn Microchips,0.5411317948210496,3,0.15713284393674165,train
944,Jovik Asset,0.5331248303019923,3,0.19262451930643149,train
945,Talvep Computing,0.5939981824601006,4,0.09349470686947936,train
946,Creven Securities,0.9513696082785468,3,0.8035799483589623,train
947,Relvos Biosciences,0.9141207497143404,2,0.5078481252695166,train
948,Krevan Investments,0.46627096368384024,2,0.10077716189977348,train
949,Halvix Holdings,0.5889107173042427,4,0.035889118305513446,train
950,Nerven Grid,0.3846516802946328,4,0.3744114307593479,train
951,Jorvis Fuels,1.174608710523687,4,1.0692382277964452,train
952,Ilval Financial,0.39698950969767843,2,0.004002810897153708,train
953,Zrovex Industries,0.4708950779724399,4,0.2728410565052406,train
954,Jorval Trading,0.9331951247388435,2,0.9086210646189808,train
955,Halven Investments,0.9327145223147522,5,0.5972866222362214,train
956,Jorvyl Securities,1.0082992659836363,3,0.6837552025180386,train
957,Varvov Retail,0.47986728410605306,1,0.10445905221966328,train
958,Plevyl Advisors,0.6003333918374708,1,0.18125419651195118,train
959,Nerval Biopharma,0.6974901083331447,1,0.31529876216568736,train
960,Zrovum Biopharma,1.1417097300357728,4,0.9187462681362064,train
961,Brevep Systems,0.920064188738147,4,1.1122945409925227,train
962,Xelvol Biotech,0.7097059393171513,3,0.4343181114224307,train
963,Talvyn Goods,0.7903452833041269,3,0.15999476212233554,train
964,Ervan Capital,0.7507523050517584,1,0.7763676447460721,train
965,Plevyl Advisors,0.8576051264475565,5,0.7284328528093073,train
966,Nolvol Resources,0.24409170699527713,1,0.18495648276511387,train
967,Xelvol Biotech,0.12700267120046246,4,0.06274305296969368,train
968,Strynal Industries,0.48323450279238844,7,0.14570113706209148,train
969,Frelex Outlets,0.5079178404941873,3,0.6330516849034062,train
970,Relvan Software,0.6812100602449516,4,0.12996941240305937,train
971,Xelvol Biotech,1.119047621544902,4,1.3020809134507454,train
972,Wyrnor Solutions,0.37641191684043707,2,0.45269502777118104,train
973,Plevyl Advisors,0.8545688412098705,4,0.8560148680129561,train
974,Krevan Investments,0.5217138015713183,3,0.4454726113840512,train
975,Dralol Computing,0.28526574234427493,2,0.00858742700409798,train
976,Halvix Holdings,0.6394532563018929,3,0.4759903547378479,train
977,Prynis Systems,0.358170485868202,2,0.11163110693572656,train
978,Relvan Software,0.8899042828267612,2,0.8903945065054569,train
979,Frelis Genomics,0.41323730511500345,2,0.27822462018855304,train
980,Brevep Systems,0.24256761604111043,3,0.15112974473702412,train
981,Plevep Power,0.7233970204360111,6,0.14320508864284076,train
982,Joval Brands,0.9801731163573104,2,1.4435885496026404,train
983,Talvyn Goods,0.7274627801038046,2,0.4219482031974812,train
984,Myrnep Technologies,0.36418334314969414,3,0.11069831077820236,train
985,Plevyl Advisors,0.5480241640577934,1,0.11076352126550687,train
986,Urvel Grid,1.0223250623637279,4,0.9454389860018964,train
987,Dralol Computing,0.6539750516582801,3,0.32383280975832524,train
988,Ixenis Outlets,0.36315680674572026,4,0.11684645034391777,train
989,Holtum Asset,0.28515775235190427,1,0.16365030234190908,train
990,Krevum Pharmaceuticals,0.4249733804479764,4,0.25275828748049334,train
991,Jorvyl Securities,0.7971919527238781,1,0.33141908278023385,train
992,Creven Securities,0.6919599739132798,3,0.3878101373173679,train
993,Orevar Marketplace,0.796220514506107,2,0.28019133885751113,train
994,Jorval Trading,0.7395677197488901,1,0.7458280693574469,train
995,Zelvel Capital,0.2121319409983082,3,0.42426388199661635,train
996,Myrnon Therapeutics,0.718721406393297,4,0.21444623002556518,train
997,Plevep Power,0.6619533487876168,2,0.3649863139794821,train
998,Talvyn Goods,0.5648747324356607,2,0.2584826106582826,train
999,Krevan Investments,0.4900788280368156,3,0.05096761612396977,train
