session,target_position
1000,0.6
1001,0.2
1002,0.2
1003,0.2
1004,0.2
1005,1.0
1006,0.6
1007,1.0
1008,0.6
1009,0.6
1010,0.6
1011,1.0
1012,0.6
1013,0.6
1014,0.2
1015,1.0
1016,0.6
1017,1.0
1018,0.2
1019,0.2
1020,0.2
1021,0.2
1022,0.2
1023,0.6
1024,0.6
1025,0.2
1026,0.2
1027,0.6
1028,0.6
1029,1.0
1030,0.2
1031,0.6
1032,1.0
1033,0.2
1034,1.0
1035,0.2
1036,0.2
1037,0.2
1038,0.2
1039,1.0
1040,0.2
1041,1.0
1042,1.0
1043,0.2
1044,0.6
1045,0.2
1046,0.6
1047,0.2
1048,0.2
1049,1.0
1050,0.6
1051,0.2
1052,0.2
1053,0.2
1054,0.6
1055,1.0
1056,1.0
1057,1.0
1058,1.0
1059,0.2
1060,0.2
1061,0.6
1062,0.2
1063,0.2
1064,0.2
1065,1.0
1066,1.0
1067,0.2
1068,0.2
1069,0.2
1070,0.6
1071,0.6
1072,1.0
1073,0.6
1074,0.2
1075,0.2
1076,0.2
1077,0.6
1078,0.6
1079,0.2
1080,1.0
1081,0.2
1082,0.2
1083,1.0
1084,0.2
1085,0.2
1086,0.6
1087,0.2
1088,1.0
1089,0.2
1090,0.2
1091,0.6
1092,0.6
1093,0.6
1094,0.2
1095,0.6
1096,0.2
1097,0.2
1098,0.2
1099,0.6
1100,0.6
1101,0.6
1102,1.0
1103,0.2
1104,0.6
1105,0.6
1106,1.0
1107,0.6
1108,1.0
1109,1.0
1110,0.2
1111,0.2
1112,1.0
1113,0.6
1114,1.0
1115,0.6
1116,0.6
1117,0.2
1118,0.2
1119,0.2
1120,0.2
1121,0.6
1122,0.6
1123,0.2
1124,0.2
1125,1.0
1126,0.6
1127,0.6
1128,0.2
1129,1.0
1130,0.2
1131,0.6
1132,0.2
1133,0.2
1134,0.6
1135,1.0
1136,0.6
1137,0.2
1138,0.2
1139,1.0
1140,0.6
1141,0.2
1142,0.6
1143,0.2
1144,0.2
1145,0.2
1146,0.2
1147,1.0
1148,0.6
1149,0.6
1150,0.6
1151,0.6
1152,0.2
1153,0.2
1154,0.2
1155,1.0
1156,1.0
1157,1.0
1158,0.2
1159,0.6
1160,0.2
1161,0.2
1162,0.6
1163,0.2
1164,0.2
1165,0.6
1166,0.6
1167,0.6
1168,0.6
1169,0.6
1170,0.2
1171,0.2
1172,0.2
1173,0.6
1174,0.6
1175,1.0
1176,0.6
1177,0.2
1178,0.6
1179,1.0
1180,0.2
1181,1.0
1182,0.2
1183,0.2
1184,0.6
1185,0.6
1186,1.0
1187,1.0
1188,0.6
1189,0.6
1190,0.6
1191,0.2
1192,0.2
1193,0.6
1194,0.6
1195,0.6
1196,1.0
1197,0.2
1198,0.6
1199,1.0
1200,0.6
1201,0.2
1202,0.6
1203,1.0
1204,0.2
1205,0.6
1206,0.6
1207,0.2
1208,1.0
1209,1.0
1210,0.2
1211,1.0
1212,1.0
1213,1.0
1214,1.0
1215,0.2
1216,0.6
1217,0.2
1218,0.6
1219,0.6
1220,0.2
1221,0.2
1222,0.2
1223,0.6
1224,0.6
1225,1.0
1226,0.2
1227,0.6
1228,0.2
1229,0.2
1230,0.2
1231,0.2
1232,0.6
1233,0.2
1234,0.6
1235,1.0
1236,0.2
1237,1.0
1238,1.0
1239,0.6
1240,0.2
1241,0.6
1242,0.2
1243,0.6
1244,1.0
1245,0.2
1246,0.2
1247,1.0
1248,0.2
1249,0.2
1250,0.2
1251,1.0
1252,0.2
1253,1.0
1254,1.0
1255,0.2
1256,0.6
1257,1.0
1258,0.6
1259,0.6
1260,0.2
1261,0.6
1262,0.2
1263,0.2
1264,0.2
1265,0.2
1266,1.0
1267,0.2
1268,1.0
1269,0.6
1270,1.0
1271,0.2
1272,0.2
1273,1.0
1274,0.2
1275,0.2
1276,0.6
1277,1.0
1278,0.2
1279,0.2
1280,1.0
1281,0.2
1282,1.0
1283,0.2
1284,0.6
1285,1.0
1286,0.6
1287,0.2
1288,0.6
1289,0.6
1290,0.6
1291,1.0
1292,0.2
1293,1.0
1294,0.6
1295,0.2
1296,0.6
1297,0.2
1298,0.2
1299,0.2
1300,1.0
1301,0.2
1302,1.0
1303,0.2
1304,0.6
1305,0.2
1306,0.6
1307,1.0
1308,0.2
1309,0.6
1310,0.6
1311,0.2
1312,0.6
1313,1.0
1314,0.6
1315,0.2
1316,1.0
1317,1.0
1318,1.0
1319,0.2
1320,1.0
1321,0.2
1322,0.2
1323,0.2
1324,1.0
1325,1.0
1326,0.2
1327,0.6
1328,0.2
1329,0.6
1330,0.6
1331,0.6
1332,0.6
1333,0.6
1334,1.0
1335,0.2
1336,0.2
1337,0.6
1338,0.2
1339,1.0
1340,0.2
1341,0.2
1342,0.2
1343,0.6
1344,0.2
1345,0.2
1346,0.2
1347,0.6
1348,0.2
1349,0.6
1350,0.6
1351,1.0
1352,0.2
1353,0.6
1354,0.6
1355,0.2
1356,0.6
1357,0.2
1358,1.0
1359,0.2
1360,1.0
1361,0.2
1362,0.6
1363,0.2
1364,0.2
1365,1.0
1366,0.6
1367,0.2
1368,0.2
1369,0.2
1370,1.0
1371,0.2
1372,0.2
1373,0.2
1374,0.6
1375,1.0
1376,0.2
1377,0.6
1378,0.2
1379,0.6
1380,0.2
1381,0.2
1382,0.6
1383,0.2
1384,0.6
1385,0.6
1386,0.2
1387,0.2
1388,1.0
1389,0.6
1390,1.0
1391,0.2
1392,0.2
1393,1.0
1394,0.6
1395,1.0
1396,0.6
1397,0.2
1398,0.2
1399,0.2
1400,0.2
1401,1.0
1402,0.2
1403,0.2
1404,1.0
1405,0.6
1406,0.2
1407,0.6
1408,1.0
1409,0.2
1410,0.2
1411,0.6
1412,0.2
1413,1.0
1414,0.6
1415,1.0
1416,0.2
1417,0.2
1418,0.6
1419,0.2
1420,1.0
1421,1.0
1422,0.2
1423,0.2
1424,0.6
1425,0.2
1426,0.2
1427,0.2
1428,0.6
1429,1.0
1430,0.2
1431,1.0
1432,0.6
1433,0.2
1434,1.0
1435,0.2
1436,0.2
1437,0.6
1438,0.6
1439,0.2
1440,1.0
1441,0.6
1442,0.2
1443,0.2
1444,0.2
1445,0.2
1446,0.2
1447,1.0
1448,1.0
1449,0.2
1450,0.6
1451,0.6
1452,0.2
1453,0.6
1454,0.6
1455,0.6
1456,0.6
1457,0.6
1458,0.2
1459,0.2
1460,0.6
1461,0.2
1462,1.0
1463,1.0
1464,1.0
1465,0.2
1466,0.2
1467,0.2
1468,0.2
1469,0.2
1470,0.6
1471,0.2
1472,0.2
1473,1.0
1474,0.6
1475,0.2
1476,1.0
1477,0.2
1478,0.6
1479,0.2
1480,0.6
1481,0.6
1482,0.2
1483,0.2
1484,0.6
1485,0.6
1486,1.0
1487,0.2
1488,0.2
1489,0.2
1490,0.2
1491,0.2
1492,1.0
1493,1.0
1494,0.6
1495,1.0
1496,1.0
1497,1.0
1498,1.0
1499,0.6
1500,0.2
1501,1.0
1502,0.2
1503,0.6
1504,0.6
1505,0.2
1506,0.6
1507,0.2
1508,1.0
1509,0.2
1510,1.0
1511,0.6
1512,1.0
1513,0.2
1514,0.2
1515,1.0
1516,0.6
1517,0.6
1518,0.2
1519,0.2
1520,0.2
1521,0.6
1522,0.2
1523,0.2
1524,0.2
1525,0.2
1526,0.2
1527,1.0
1528,0.6
1529,0.2
1530,0.6
1531,0.2
1532,0.6
1533,0.6
1534,0.6
1535,0.2
1536,1.0
1537,1.0
1538,0.6
1539,1.0
1540,0.6
1541,0.6
1542,0.6
1543,0.2
1544,0.2
1545,0.6
1546,0.2
1547,0.2
1548,0.2
1549,0.2
1550,0.2
1551,0.2
1552,1.0
1553,0.6
1554,0.6
1555,0.2
1556,1.0
1557,0.2
1558,0.2
1559,0.6
1560,0.2
1561,0.2
1562,0.6
1563,1.0
1564,1.0
1565,0.6
1566,0.2
1567,0.2
1568,0.2
1569,0.6
1570,0.6
1571,1.0
1572,0.6
1573,1.0
1574,0.2
1575,0.2
1576,1.0
1577,0.6
1578,1.0
1579,0.6
1580,0.2
1581,0.2
1582,0.2
1583,0.6
1584,0.2
1585,1.0
1586,0.6
1587,0.2
1588,0.6
1589,0.2
1590,0.2
1591,0.2
1592,0.6
1593,0.2
1594,0.2
1595,0.2
1596,0.2
1597,0.2
1598,0.2
1599,0.6
1600,0.6
1601,0.6
1602,1.0
1603,0.2
1604,0.2
1605,0.2
1606,0.2
1607,0.6
1608,0.6
1609,1.0
1610,1.0
1611,0.6
1612,1.0
1613,1.0
1614,0.6
1615,0.6
1616,0.6
1617,1.0
1618,0.2
1619,0.6
1620,0.2
1621,0.6
1622,0.2
1623,0.2
1624,1.0
1625,0.2
1626,1.0
1627,1.0
1628,0.2
1629,0.2
1630,1.0
1631,0.2
1632,0.2
1633,1.0
1634,0.2
1635,0.2
1636,1.0
1637,0.2
1638,1.0
1639,1.0
1640,0.2
1641,1.0
1642,0.2
1643,0.2
1644,1.0
1645,0.2
1646,0.6
1647,0.2
1648,0.2
1649,0.2
1650,0.2
1651,0.6
1652,0.2
1653,1.0
1654,0.6
1655,1.0
1656,0.6
1657,0.2
1658,1.0
1659,0.2
1660,1.0
1661,0.6
1662,0.2
1663,0.6
1664,0.2
1665,1.0
1666,0.2
1667,1.0
1668,1.0
1669,0.6
1670,0.6
1671,0.6
1672,0.2
1673,0.2
1674,1.0
1675,0.2
1676,0.2
1677,0.2
1678,1.0
1679,0.6
1680,0.6
1681,0.6
1682,0.2
1683,0.2
1684,1.0
1685,0.2
1686,0.2
1687,0.2
1688,0.2
1689,0.6
1690,1.0
1691,1.0
1692,0.2
1693,0.6
1694,0.2
1695,1.0
1696,0.2
1697,0.2
1698,0.2
1699,1.0
1700,1.0
1701,1.0
1702,0.2
1703,0.6
1704,0.2
1705,0.2
1706,0.6
1707,0.2
1708,0.2
1709,0.6
1710,0.2
1711,0.6
1712,1.0
1713,0.2
1714,0.2
1715,0.6
1716,0.2
1717,1.0
1718,0.6
1719,1.0
1720,0.6
1721,0.2
1722,0.6
1723,0.6
1724,0.2
1725,1.0
1726,0.2
1727,1.0
1728,0.2
1729,0.2
1730,0.6
1731,1.0
1732,0.6
1733,0.6
1734,1.0
1735,0.2
1736,0.2
1737,0.2
1738,0.6
1739,1.0
1740,0.2
1741,0.2
1742,0.2
1743,0.2
1744,0.2
1745,0.2
1746,0.2
1747,1.0
1748,0.6
1749,0.6
1750,1.0
1751,0.6
1752,0.6
1753,1.0
1754,0.2
1755,0.2
1756,1.0
1757,1.0
1758,0.6
1759,0.2
1760,0.2
1761,0.6
1762,1.0
1763,0.2
1764,1.0
1765,0.2
1766,0.2
1767,0.2
1768,1.0
1769,0.2
1770,1.0
1771,0.2
1772,0.2
1773,0.2
1774,0.6
1775,0.6
1776,0.2
1777,0.6
1778,0.2
1779,0.6
1780,0.2
1781,0.2
1782,0.2
1783,0.2
1784,0.6
1785,1.0
1786,0.6
1787,1.0
1788,0.2
1789,0.6
1790,0.6
1791,1.0
1792,0.6
1793,0.2
1794,0.2
1795,0.6
1796,0.2
1797,1.0
1798,0.6
1799,1.0
1800,1.0
1801,0.2
1802,0.6
1803,0.2
1804,0.2
1805,0.2
1806,0.2
1807,0.6
1808,1.0
1809,0.2
1810,0.2
1811,0.2
1812,0.2
1813,1.0
1814,0.6
1815,0.6
1816,0.2
1817,0.2
1818,1.0
1819,0.6
1820,0.6
1821,0.6
1822,0.2
1823,0.6
1824,0.2
1825,0.2
1826,0.2
1827,0.6
1828,0.2
1829,0.6
1830,0.2
1831,1.0
1832,0.2
1833,0.2
1834,0.6
1835,0.6
1836,1.0
1837,1.0
1838,0.2
1839,1.0
1840,0.2
1841,0.2
1842,0.6
1843,0.2
1844,0.6
1845,0.2
1846,0.2
1847,0.6
1848,0.6
1849,0.2
1850,1.0
1851,0.2
1852,0.2
1853,0.2
1854,0.2
1855,0.6
1856,1.0
1857,0.2
1858,0.2
1859,0.2
1860,1.0
1861,0.2
1862,0.2
1863,0.2
1864,0.2
1865,0.6
1866,0.6
1867,0.2
1868,1.0
1869,0.2
1870,0.2
1871,0.2
1872,1.0
1873,1.0
1874,0.6
1875,0.2
1876,1.0
1877,0.6
1878,0.2
1879,0.2
1880,1.0
1881,0.6
1882,0.2
1883,0.2
1884,0.2
1885,0.2
1886,0.2
1887,0.6
1888,0.2
1889,1.0
1890,1.0
1891,0.2
1892,0.6
1893,0.6
1894,0.2
1895,0.2
1896,0.6
1897,0.2
1898,0.2
1899,1.0
1900,0.6
1901,0.6
1902,1.0
1903,0.2
1904,0.6
1905,0.2
1906,0.2
1907,0.2
1908,1.0
1909,1.0
1910,0.2
1911,1.0
1912,0.6
1913,0.2
1914,0.6
1915,0.6
1916,0.2
1917,0.2
1918,1.0
1919,0.2
1920,1.0
1921,0.6
1922,0.2
1923,0.2
1924,1.0
1925,0.2
1926,0.2
1927,0.2
1928,0.2
1929,0.2
1930,0.6
1931,0.2
1932,0.2
1933,0.6
1934,1.0
1935,0.6
1936,0.2
1937,0.2
1938,0.2
1939,0.2
1940,0.2
1941,0.2
1942,0.2
1943,1.0
1944,0.2
1945,0.6
1946,0.6
1947,0.6
1948,0.6
1949,1.0
1950,1.0
1951,0.6
1952,1.0
1953,1.0
1954,0.6
1955,0.6
1956,0.2
1957,0.2
1958,1.0
1959,0.2
1960,0.2
1961,0.2
1962,1.0
1963,0.2
1964,0.2
1965,1.0
1966,0.2
1967,0.6
1968,0.6
1969,0.2
1970,0.2
1971,0.2
1972,0.2
1973,0.6
1974,1.0
1975,0.6
1976,0.2
1977,0.2
1978,1.0
1979,0.2
1980,0.2
1981,1.0
1982,0.2
1983,1.0
1984,0.2
1985,0.6
1986,0.6
1987,0.6
1988,0.2
1989,1.0
1990,0.2
1991,1.0
1992,0.2
1993,1.0
1994,0.6
1995,0.2
1996,0.6
1997,0.2
1998,0.2
1999,0.6
2000,0.6
2001,0.2
2002,1.0
2003,0.2
2004,0.6
2005,0.6
2006,0.2
2007,1.0
2008,0.6
2009,0.2
2010,0.2
2011,1.0
2012,0.6
2013,0.2
2014,1.0
2015,1.0
2016,0.6
2017,1.0
2018,0.2
2019,0.6
2020,0.6
2021,0.6
2022,0.6
2023,0.2
2024,0.2
2025,1.0
2026,1.0
2027,1.0
2028,1.0
2029,0.6
2030,0.6
2031,0.2
2032,0.6
2033,1.0
2034,0.2
2035,0.6
2036,0.6
2037,0.2
2038,0.2
2039,0.6
2040,0.2
2041,1.0
2042,0.2
2043,0.2
2044,0.2
2045,0.2
2046,0.6
2047,1.0
2048,0.2
2049,0.2
2050,1.0
2051,0.6
2052,0.2
2053,0.6
2054,0.2
2055,1.0
2056,0.2
2057,0.6
2058,1.0
2059,0.2
2060,0.6
2061,0.2
2062,0.2
2063,0.2
2064,1.0
2065,0.2
2066,0.6
2067,0.2
2068,1.0
2069,0.2
2070,0.6
2071,0.2
2072,0.2
2073,0.6
2074,0.6
2075,0.6
2076,0.2
2077,0.6
2078,0.2
2079,0.6
2080,0.6
2081,0.6
2082,0.6
2083,1.0
2084,0.2
2085,0.2
2086,0.6
2087,1.0
2088,0.2
2089,1.0
2090,0.6
2091,0.2
2092,0.2
2093,0.6
2094,0.2
2095,1.0
2096,0.6
2097,1.0
2098,0.2
2099,0.2
2100,0.2
2101,1.0
2102,0.6
2103,1.0
2104,0.6
2105,0.6
2106,0.2
2107,0.2
2108,0.6
2109,1.0
2110,0.6
2111,0.2
2112,0.2
2113,1.0
2114,0.2
2115,0.2
2116,1.0
2117,0.2
2118,0.2
2119,0.2
2120,0.2
2121,0.2
2122,0.6
2123,1.0
2124,1.0
2125,0.6
2126,0.6
2127,0.2
2128,0.6
2129,0.6
2130,0.2
2131,0.6
2132,0.2
2133,0.6
2134,0.6
2135,0.2
2136,0.2
2137,0.6
2138,1.0
2139,1.0
2140,1.0
2141,0.6
2142,1.0
2143,0.2
2144,1.0
2145,0.2
2146,1.0
2147,0.6
2148,0.6
2149,1.0
2150,0.6
2151,0.6
2152,0.2
2153,1.0
2154,0.2
2155,1.0
2156,0.6
2157,1.0
2158,0.2
2159,1.0
2160,0.2
2161,0.6
2162,0.2
2163,0.2
2164,0.2
2165,0.6
2166,0.2
2167,0.2
2168,0.6
2169,0.6
2170,0.6
2171,0.2
2172,0.2
2173,0.6
2174,0.2
2175,0.2
2176,0.2
2177,0.6
2178,0.6
2179,0.2
2180,0.6
2181,1.0
2182,0.6
2183,0.6
2184,1.0
2185,0.2
2186,0.6
2187,0.2
2188,0.6
2189,1.0
2190,0.6
2191,0.2
2192,0.2
2193,0.6
2194,1.0
2195,0.2
2196,0.6
2197,0.2
2198,0.6
2199,0.2
2200,1.0
2201,0.2
2202,1.0
2203,0.6
2204,1.0
2205,0.2
2206,0.6
2207,0.2
2208,1.0
2209,0.2
2210,0.6
2211,0.6
2212,0.2
2213,0.2
2214,1.0
2215,0.2
2216,0.6
2217,0.2
2218,0.6
2219,0.6
2220,1.0
2221,0.2
2222,1.0
2223,1.0
2224,0.2
2225,0.6
2226,0.2
2227,0.2
2228,1.0
2229,1.0
2230,0.6
2231,1.0
2232,0.2
2233,1.0
2234,0.2
2235,1.0
2236,0.2
2237,0.2
2238,0.2
2239,0.2
2240,1.0
2241,0.2
2242,0.2
2243,0.2
2244,0.6
2245,1.0
2246,0.2
2247,0.6
2248,0.2
2249,0.6
2250,0.6
2251,1.0
2252,1.0
2253,0.2
2254,0.6
2255,0.2
2256,0.6
2257,1.0
2258,1.0
2259,0.6
2260,0.6
2261,0.2
2262,1.0
2263,0.2
2264,1.0
2265,1.0
2266,1.0
2267,0.6
2268,1.0
2269,1.0
2270,1.0
2271,0.2
2272,1.0
2273,0.6
2274,0.6
2275,0.6
2276,1.0
2277,0.6
2278,0.6
2279,1.0
2280,0.2
2281,1.0
2282,1.0
2283,0.6
2284,0.2
2285,0.6
2286,0.2
2287,1.0
2288,0.2
2289,0.6
2290,0.6
2291,0.6
2292,0.2
2293,0.2
2294,0.6
2295,0.6
2296,0.2
2297,0.6
2298,0.2
2299,0.2
2300,0.2
2301,1.0
2302,1.0
2303,0.6
2304,1.0
2305,0.2
2306,0.2
2307,0.6
2308,0.6
2309,1.0
2310,0.2
2311,0.2
2312,0.6
2313,1.0
2314,1.0
2315,0.2
2316,0.2
2317,0.6
2318,0.2
2319,0.2
2320,0.2
2321,0.2
2322,0.6
2323,1.0
2324,0.2
2325,0.2
2326,0.2
2327,1.0
2328,0.2
2329,1.0
2330,0.2
2331,0.2
2332,0.2
2333,0.2
2334,1.0
2335,0.2
2336,1.0
2337,0.2
2338,0.6
2339,0.2
2340,0.2
2341,0.2
2342,0.6
2343,0.6
2344,0.2
2345,0.2
2346,0.2
2347,0.2
2348,0.2
2349,0.2
2350,1.0
2351,0.6
2352,0.2
2353,1.0
2354,0.2
2355,0.2
2356,1.0
2357,0.2
2358,0.6
2359,1.0
2360,0.2
2361,1.0
2362,0.2
2363,1.0
2364,0.2
2365,0.2
2366,0.6
2367,0.2
2368,1.0
2369,0.2
2370,0.6
2371,1.0
2372,0.2
2373,0.6
2374,0.2
2375,0.6
2376,0.6
2377,0.2
2378,0.6
2379,0.6
2380,0.2
2381,0.6
2382,1.0
2383,0.2
2384,0.2
2385,0.2
2386,0.6
2387,0.2
2388,0.2
2389,0.6
2390,0.2
2391,1.0
2392,1.0
2393,1.0
2394,0.2
2395,0.2
2396,0.6
2397,0.6
2398,0.2
2399,0.2
2400,0.2
2401,0.2
2402,1.0
2403,0.2
2404,1.0
2405,0.2
2406,0.2
2407,0.2
2408,0.2
2409,0.2
2410,0.6
2411,0.2
2412,0.2
2413,0.2
2414,0.2
2415,0.2
2416,1.0
2417,0.6
2418,1.0
2419,1.0
2420,0.2
2421,0.2
2422,0.6
2423,0.2
2424,0.6
2425,0.6
2426,0.2
2427,1.0
2428,1.0
2429,0.2
2430,0.2
2431,0.6
2432,0.6
2433,0.6
2434,0.2
2435,0.6
2436,0.2
2437,0.2
2438,0.6
2439,0.2
2440,0.2
2441,0.6
2442,0.6
2443,0.2
2444,1.0
2445,0.6
2446,0.6
2447,0.2
2448,0.2
2449,0.6
2450,0.6
2451,0.2
2452,0.2
2453,0.2
2454,0.6
2455,0.2
2456,0.2
2457,0.2
2458,0.6
2459,0.6
2460,0.2
2461,1.0
2462,0.6
2463,1.0
2464,0.6
2465,0.6
2466,0.2
2467,1.0
2468,0.6
2469,0.6
2470,0.2
2471,1.0
2472,0.2
2473,0.2
2474,0.2
2475,0.2
2476,1.0
2477,0.2
2478,1.0
2479,1.0
2480,0.2
2481,0.2
2482,1.0
2483,0.2
2484,0.2
2485,0.2
2486,0.2
2487,0.2
2488,0.2
2489,0.2
2490,1.0
2491,0.2
2492,0.6
2493,0.6
2494,0.6
2495,0.2
2496,1.0
2497,0.6
2498,0.2
2499,0.2
2500,1.0
2501,0.2
2502,1.0
2503,1.0
2504,0.2
2505,0.2
2506,1.0
2507,1.0
2508,0.6
2509,0.2
2510,0.6
2511,0.2
2512,1.0
2513,0.6
2514,0.6
2515,0.6
2516,0.6
2517,0.6
2518,0.2
2519,0.2
2520,0.6
2521,0.6
2522,0.6
2523,1.0
2524,0.6
2525,0.2
2526,1.0
2527,0.2
2528,0.2
2529,0.2
2530,0.2
2531,1.0
2532,0.2
2533,0.2
2534,1.0
2535,0.6
2536,1.0
2537,0.6
2538,0.2
2539,0.2
2540,0.6
2541,0.2
2542,0.2
2543,0.6
2544,0.6
2545,0.2
2546,0.2
2547,1.0
2548,0.2
2549,0.2
2550,1.0
2551,0.2
2552,0.2
2553,1.0
2554,0.6
2555,0.2
2556,0.6
2557,0.2
2558,0.2
2559,1.0
2560,0.2
2561,0.2
2562,0.2
2563,0.6
2564,0.2
2565,0.2
2566,1.0
2567,0.6
2568,0.2
2569,0.2
2570,0.6
2571,0.6
2572,0.2
2573,1.0
2574,1.0
2575,1.0
2576,1.0
2577,0.2
2578,0.6
2579,0.2
2580,0.2
2581,1.0
2582,0.2
2583,0.2
2584,0.2
2585,0.2
2586,0.6
2587,0.6
2588,0.2
2589,0.2
2590,1.0
2591,0.2
2592,1.0
2593,0.2
2594,0.2
2595,0.2
2596,0.6
2597,0.6
2598,1.0
2599,1.0
2600,0.6
2601,0.6
2602,1.0
2603,0.2
2604,0.6
2605,0.6
2606,0.2
2607,1.0
2608,0.6
2609,0.6
2610,0.2
2611,1.0
2612,0.6
2613,0.2
2614,1.0
2615,0.2
2616,0.2
2617,1.0
2618,0.2
2619,0.6
2620,0.6
2621,1.0
2622,0.2
2623,0.2
2624,1.0
2625,1.0
2626,0.2
2627,0.2
2628,0.6
2629,1.0
2630,0.2
2631,0.2
2632,0.2
2633,0.6
2634,0.2
2635,1.0
2636,1.0
2637,0.2
2638,0.6
2639,0.6
2640,0.2
2641,1.0
2642,0.6
2643,0.2
2644,1.0
2645,0.6
2646,0.2
2647,0.6
2648,0.2
2649,1.0
2650,1.0
2651,0.6
2652,0.6
2653,0.6
2654,0.2
2655,0.6
2656,0.6
2657,1.0
2658,0.6
2659,0.2
2660,0.6
2661,0.6
2662,0.6
2663,0.2
2664,0.2
2665,1.0
2666,0.2
2667,0.2
2668,1.0
2669,0.6
2670,0.6
2671,1.0
2672,0.2
2673,1.0
2674,0.6
2675,0.2
2676,0.2
2677,0.6
2678,0.2
2679,0.6
2680,0.2
2681,0.2
2682,1.0
2683,0.6
2684,1.0
2685,0.2
2686,0.2
2687,1.0
2688,0.2
2689,0.6
2690,1.0
2691,0.2
2692,1.0
2693,1.0
2694,0.6
2695,0.2
2696,0.2
2697,0.6
2698,0.2
2699,0.2
2700,0.2
2701,1.0
2702,0.6
2703,0.6
2704,0.2
2705,0.2
2706,1.0
2707,0.2
2708,0.2
2709,0.2
2710,0.2
2711,0.2
2712,0.2
2713,0.6
2714,1.0
2715,0.2
2716,0.2
2717,0.2
2718,0.6
2719,0.2
2720,0.6
2721,0.2
2722,0.2
2723,1.0
2724,1.0
2725,0.2
2726,0.2
2727,0.2
2728,1.0
2729,1.0
2730,0.2
2731,0.2
2732,0.6
2733,0.2
2734,0.2
2735,0.2
2736,1.0
2737,0.2
2738,0.2
2739,1.0
2740,0.6
2741,0.2
2742,0.2
2743,0.2
2744,0.2
2745,0.2
2746,1.0
2747,0.2
2748,1.0
2749,0.6
2750,1.0
2751,0.2
2752,0.2
2753,0.6
2754,0.6
2755,0.2
2756,0.2
2757,0.6
2758,0.2
2759,0.2
2760,0.2
2761,0.6
2762,0.6
2763,0.2
2764,0.6
2765,0.6
2766,0.6
2767,0.6
2768,1.0
2769,0.2
2770,0.6
2771,0.6
2772,0.2
2773,0.2
2774,1.0
2775,1.0
2776,0.6
2777,0.6
2778,0.6
2779,1.0
2780,0.2
2781,0.2
2782,0.2
2783,0.2
2784,0.2
2785,0.6
2786,0.2
2787,0.6
2788,1.0
2789,0.6
2790,0.2
2791,1.0
2792,0.6
2793,0.6
2794,0.2
2795,0.2
2796,1.0
2797,0.2
2798,0.6
2799,0.6
2800,0.2
2801,0.2
2802,1.0
2803,1.0
2804,0.2
2805,0.2
2806,0.2
2807,0.2
2808,0.2
2809,0.6
2810,0.2
2811,1.0
2812,0.6
2813,0.2
2814,1.0
2815,0.6
2816,1.0
2817,0.2
2818,0.6
2819,0.6
2820,0.2
2821,0.6
2822,1.0
2823,0.2
2824,0.2
2825,0.6
2826,0.6
2827,1.0
2828,1.0
2829,0.6
2830,0.2
2831,0.6
2832,1.0
2833,0.6
2834,0.2
2835,0.6
2836,0.6
2837,0.2
2838,0.6
2839,0.2
2840,0.6
2841,1.0
2842,0.2
2843,0.2
2844,1.0
2845,0.2
2846,0.2
2847,0.6
2848,1.0
2849,0.2
2850,1.0
2851,0.2
2852,0.6
2853,0.2
2854,0.6
2855,0.2
2856,0.6
2857,0.6
2858,0.2
2859,0.2
2860,1.0
2861,0.6
2862,0.6
2863,0.2
2864,0.2
2865,0.2
2866,1.0
2867,0.2
2868,1.0
2869,0.6
2870,0.2
2871,1.0
2872,0.6
2873,0.2
2874,0.2
2875,0.6
2876,0.2
2877,0.2
2878,0.2
2879,1.0
2880,0.6
2881,0.6
2882,1.0
2883,1.0
2884,0.2
2885,0.6
2886,0.2
2887,0.2
2888,0.2
2889,0.2
2890,1.0
2891,0.2
2892,0.6
2893,0.6
2894,0.2
2895,0.6
2896,0.2
2897,1.0
2898,0.6
2899,1.0
2900,0.6
2901,1.0
2902,0.2
2903,0.2
2904,0.2
2905,0.2
2906,0.2
2907,0.2
2908,0.2
2909,0.2
2910,1.0
2911,1.0
2912,0.6
2913,0.6
2914,0.2
2915,0.2
2916,1.0
2917,0.2
2918,0.6
2919,1.0
2920,0.2
2921,1.0
2922,1.0
2923,0.6
2924,1.0
2925,1.0
2926,0.6
2927,0.2
2928,1.0
2929,0.2
2930,0.2
2931,0.2
2932,1.0
2933,0.2
2934,1.0
2935,0.6
2936,0.2
2937,0.2
2938,0.6
2939,0.2
2940,1.0
2941,0.6
2942,0.2
2943,0.2
2944,0.6
2945,0.2
2946,0.2
2947,0.6
2948,1.0
2949,0.2
2950,1.0
2951,0.6
2952,0.2
2953,0.2
2954,0.2
2955,0.2
2956,0.2
2957,0.2
2958,1.0
2959,0.2
2960,0.6
2961,0.2
2962,0.2
2963,0.6
2964,1.0
2965,1.0
2966,0.2
2967,0.6
2968,0.6
2969,1.0
2970,0.2
2971,0.6
2972,0.2
2973,0.2
2974,1.0
2975,1.0
2976,0.2
2977,0.2
2978,0.2
2979,0.2
2980,1.0
2981,0.2
2982,1.0
2983,1.0
2984,1.0
2985,0.6
2986,0.2
2987,0.6
2988,0.2
2989,1.0
2990,0.2
2991,0.2
2992,0.6
2993,1.0
2994,1.0
2995,1.0
2996,0.2
2997,0.6
2998,0.6
2999,1.0
3000,1.0
3001,0.6
3002,0.6
3003,0.6
3004,0.6
3005,1.0
3006,0.6
3007,0.6
3008,0.2
3009,0.6
3010,1.0
3011,1.0
3012,0.2
3013,0.6
3014,0.6
3015,1.0
3016,0.2
3017,0.2
3018,0.6
3019,1.0
3020,0.6
3021,0.2
3022,0.2
3023,0.2
3024,1.0
3025,0.2
3026,0.6
3027,0.2
3028,0.2
3029,0.6
3030,0.2
3031,0.6
3032,0.2
3033,0.2
3034,0.6
3035,0.2
3036,1.0
3037,0.6
3038,0.2
3039,0.2
3040,0.6
3041,0.2
3042,1.0
3043,0.2
3044,1.0
3045,0.2
3046,1.0
3047,0.2
3048,0.6
3049,0.2
3050,1.0
3051,0.6
3052,0.2
3053,0.2
3054,0.6
3055,0.2
3056,0.6
3057,0.2
3058,0.2
3059,0.6
3060,1.0
3061,1.0
3062,0.2
3063,0.2
3064,0.2
3065,0.6
3066,0.2
3067,0.2
3068,0.2
3069,0.6
3070,1.0
3071,0.6
3072,0.2
3073,0.6
3074,0.2
3075,1.0
3076,0.2
3077,0.2
3078,1.0
3079,0.6
3080,0.2
3081,0.6
3082,0.2
3083,0.2
3084,0.2
3085,0.2
3086,0.6
3087,0.6
3088,0.6
3089,0.6
3090,0.2
3091,0.6
3092,0.6
3093,0.2
3094,0.2
3095,0.2
3096,0.2
3097,1.0
3098,0.2
3099,0.6
3100,0.6
3101,0.2
3102,1.0
3103,1.0
3104,0.2
3105,1.0
3106,0.2
3107,0.2
3108,1.0
3109,0.2
3110,0.2
3111,0.6
3112,0.2
3113,1.0
3114,0.2
3115,0.6
3116,0.2
3117,0.2
3118,0.2
3119,0.2
3120,0.6
3121,0.2
3122,1.0
3123,0.2
3124,0.2
3125,0.6
3126,0.2
3127,1.0
3128,0.2
3129,0.2
3130,0.6
3131,0.6
3132,0.2
3133,0.2
3134,0.2
3135,0.2
3136,0.6
3137,0.2
3138,1.0
3139,0.6
3140,1.0
3141,0.2
3142,1.0
3143,0.2
3144,0.6
3145,0.2
3146,0.2
3147,0.2
3148,0.2
3149,0.6
3150,0.6
3151,1.0
3152,0.2
3153,1.0
3154,0.6
3155,0.6
3156,0.6
3157,0.2
3158,0.6
3159,1.0
3160,0.2
3161,0.2
3162,0.2
3163,0.2
3164,1.0
3165,0.2
3166,0.2
3167,0.6
3168,0.6
3169,0.2
3170,1.0
3171,0.6
3172,0.2
3173,0.6
3174,0.2
3175,1.0
3176,0.2
3177,0.2
3178,0.6
3179,1.0
3180,0.2
3181,0.2
3182,0.6
3183,0.6
3184,1.0
3185,0.2
3186,1.0
3187,0.2
3188,0.6
3189,1.0
3190,0.6
3191,0.2
3192,1.0
3193,1.0
3194,0.6
3195,0.2
3196,0.6
3197,0.6
3198,0.6
3199,0.2
3200,0.2
3201,0.2
3202,0.2
3203,0.2
3204,1.0
3205,0.2
3206,1.0
3207,0.2
3208,0.6
3209,1.0
3210,1.0
3211,0.6
3212,0.2
3213,0.6
3214,0.6
3215,0.6
3216,1.0
3217,0.2
3218,1.0
3219,0.6
3220,0.6
3221,1.0
3222,1.0
3223,0.2
3224,0.2
3225,0.6
3226,0.2
3227,0.2
3228,0.2
3229,0.2
3230,0.6
3231,0.2
3232,0.6
3233,0.6
3234,0.2
3235,0.2
3236,0.2
3237,0.2
3238,0.2
3239,0.2
3240,0.6
3241,1.0
3242,0.6
3243,0.6
3244,0.2
3245,0.6
3246,0.6
3247,0.2
3248,0.2
3249,0.2
3250,0.2
3251,0.6
3252,0.2
3253,0.2
3254,0.6
3255,0.2
3256,0.6
3257,0.2
3258,1.0
3259,0.6
3260,0.2
3261,1.0
3262,0.2
3263,1.0
3264,0.2
3265,0.6
3266,0.2
3267,1.0
3268,0.6
3269,0.6
3270,0.2
3271,1.0
3272,0.2
3273,0.6
3274,0.6
3275,0.2
3276,1.0
3277,0.2
3278,0.2
3279,0.2
3280,0.2
3281,0.6
3282,0.2
3283,1.0
3284,0.2
3285,0.6
3286,1.0
3287,0.2
3288,1.0
3289,0.6
3290,0.2
3291,1.0
3292,0.2
3293,0.2
3294,0.2
3295,1.0
3296,1.0
3297,0.6
3298,0.6
3299,1.0
3300,0.6
3301,0.6
3302,1.0
3303,0.2
3304,0.2
3305,1.0
3306,0.2
3307,1.0
3308,0.2
3309,0.6
3310,0.6
3311,0.2
3312,0.6
3313,0.2
3314,0.6
3315,0.6
3316,0.6
3317,0.2
3318,0.2
3319,0.2
3320,1.0
3321,0.6
3322,0.2
3323,1.0
3324,0.2
3325,0.6
3326,0.6
3327,0.2
3328,0.2
3329,0.2
3330,0.2
3331,0.2
3332,1.0
3333,0.6
3334,0.6
3335,0.6
3336,0.2
3337,0.6
3338,0.6
3339,0.2
3340,0.6
3341,1.0
3342,1.0
3343,1.0
3344,0.2
3345,0.6
3346,0.2
3347,1.0
3348,1.0
3349,1.0
3350,1.0
3351,1.0
3352,1.0
3353,1.0
3354,0.2
3355,0.6
3356,1.0
3357,0.6
3358,1.0
3359,0.2
3360,0.2
3361,0.2
3362,1.0
3363,1.0
3364,0.2
3365,0.2
3366,1.0
3367,0.6
3368,0.2
3369,1.0
3370,0.2
3371,0.2
3372,1.0
3373,0.2
3374,0.6
3375,0.6
3376,0.2
3377,0.6
3378,0.2
3379,0.2
3380,0.2
3381,1.0
3382,0.6
3383,0.2
3384,0.2
3385,1.0
3386,0.2
3387,1.0
3388,0.2
3389,0.2
3390,0.6
3391,1.0
3392,0.2
3393,0.6
3394,0.2
3395,0.2
3396,0.2
3397,1.0
3398,0.6
3399,0.6
3400,0.6
3401,1.0
3402,1.0
3403,0.2
3404,1.0
3405,0.2
3406,1.0
3407,0.2
3408,0.6
3409,0.2
3410,0.6
3411,0.2
3412,0.6
3413,0.2
3414,0.6
3415,1.0
3416,0.2
3417,0.2
3418,0.6
3419,0.6
3420,0.6
3421,0.2
3422,0.6
3423,0.2
3424,0.6
3425,0.2
3426,1.0
3427,1.0
3428,0.6
3429,0.6
3430,0.6
3431,1.0
3432,0.6
3433,0.2
3434,0.2
3435,0.2
3436,0.2
3437,1.0
3438,0.6
3439,1.0
3440,0.2
3441,0.2
3442,0.2
3443,0.6
3444,0.2
3445,0.2
3446,0.2
3447,0.2
3448,0.6
3449,0.2
3450,0.2
3451,0.2
3452,0.6
3453,0.6
3454,0.2
3455,0.6
3456,0.2
3457,0.2
3458,0.6
3459,1.0
3460,0.6
3461,1.0
3462,0.2
3463,0.6
3464,0.6
3465,0.2
3466,0.2
3467,0.2
3468,0.2
3469,0.2
3470,0.2
3471,0.2
3472,1.0
3473,0.2
3474,0.2
3475,0.2
3476,0.2
3477,0.6
3478,0.6
3479,0.6
3480,0.2
3481,0.6
3482,0.2
3483,0.6
3484,0.6
3485,0.2
3486,1.0
3487,0.6
3488,0.2
3489,0.2
3490,0.2
3491,0.2
3492,1.0
3493,1.0
3494,0.6
3495,0.2
3496,0.2
3497,0.6
3498,0.2
3499,0.6
3500,0.2
3501,0.6
3502,0.6
3503,1.0
3504,0.6
3505,0.2
3506,0.6
3507,0.2
3508,0.2
3509,0.2
3510,0.6
3511,1.0
3512,0.6
3513,1.0
3514,0.6
3515,0.6
3516,0.6
3517,1.0
3518,1.0
3519,0.2
3520,1.0
3521,0.2
3522,0.2
3523,0.6
3524,0.6
3525,0.6
3526,0.6
3527,0.6
3528,0.6
3529,0.2
3530,0.6
3531,0.6
3532,0.2
3533,0.2
3534,0.6
3535,1.0
3536,0.2
3537,0.2
3538,0.6
3539,0.6
3540,0.6
3541,0.6
3542,0.6
3543,1.0
3544,1.0
3545,0.2
3546,1.0
3547,1.0
3548,0.2
3549,0.6
3550,0.6
3551,0.6
3552,0.2
3553,0.2
3554,1.0
3555,0.2
3556,0.6
3557,1.0
3558,0.2
3559,0.6
3560,0.2
3561,0.2
3562,0.2
3563,0.6
3564,0.2
3565,1.0
3566,0.2
3567,0.6
3568,1.0
3569,1.0
3570,0.6
3571,1.0
3572,0.2
3573,0.2
3574,1.0
3575,0.6
3576,0.6
3577,0.6
3578,0.2
3579,0.2
3580,0.2
3581,0.2
3582,0.6
3583,0.2
3584,0.2
3585,0.2
3586,0.6
3587,0.6
3588,1.0
3589,0.2
3590,0.2
3591,0.2
3592,0.6
3593,0.2
3594,1.0
3595,1.0
3596,1.0
3597,0.6
3598,1.0
3599,0.6
3600,0.6
3601,0.2
3602,0.6
3603,1.0
3604,0.6
3605,0.6
3606,0.6
3607,1.0
3608,0.2
3609,1.0
3610,0.2
3611,0.6
3612,0.2
3613,1.0
3614,0.2
3615,0.2
3616,1.0
3617,0.6
3618,0.6
3619,1.0
3620,0.2
3621,0.2
3622,0.2
3623,0.6
3624,1.0
3625,0.2
3626,0.6
3627,0.6
3628,1.0
3629,0.2
3630,0.2
3631,1.0
3632,0.2
3633,0.2
3634,0.6
3635,0.6
3636,0.6
3637,0.2
3638,0.2
3639,0.6
3640,1.0
3641,0.6
3642,0.2
3643,0.6
3644,0.2
3645,0.2
3646,0.2
3647,0.6
3648,0.2
3649,0.2
3650,1.0
3651,1.0
3652,1.0
3653,0.2
3654,0.6
3655,0.2
3656,0.6
3657,0.6
3658,0.6
3659,1.0
3660,0.2
3661,0.2
3662,1.0
3663,0.2
3664,0.6
3665,0.2
3666,0.2
3667,0.2
3668,0.2
3669,1.0
3670,1.0
3671,1.0
3672,0.2
3673,1.0
3674,1.0
3675,1.0
3676,0.2
3677,0.6
3678,0.2
3679,1.0
3680,1.0
3681,0.6
3682,1.0
3683,1.0
3684,0.2
3685,0.6
3686,0.2
3687,0.2
3688,0.2
3689,0.2
3690,0.2
3691,1.0
3692,1.0
3693,0.6
3694,0.6
3695,1.0
3696,1.0
3697,1.0
3698,1.0
3699,1.0
3700,0.6
3701,1.0
3702,0.2
3703,0.2
3704,0.2
3705,1.0
3706,0.6
3707,0.2
3708,0.6
3709,0.6
3710,1.0
3711,1.0
3712,0.2
3713,0.2
3714,0.2
3715,0.6
3716,1.0
3717,0.6
3718,1.0
3719,0.6
3720,1.0
3721,1.0
3722,0.6
3723,1.0
3724,0.2
3725,1.0
3726,0.2
3727,0.2
3728,0.2
3729,0.6
3730,0.6
3731,0.2
3732,0.2
3733,0.6
3734,0.2
3735,1.0
3736,1.0
3737,1.0
3738,0.2
3739,0.6
3740,0.2
3741,0.2
3742,1.0
3743,1.0
3744,1.0
3745,0.2
3746,1.0
3747,0.2
3748,0.2
3749,0.2
3750,1.0
3751,0.6
3752,0.2
3753,0.6
3754,0.2
3755,1.0
3756,0.2
3757,0.6
3758,0.6
3759,0.2
3760,1.0
3761,0.2
3762,1.0
3763,0.6
3764,1.0
3765,0.6
3766,1.0
3767,0.2
3768,0.2
3769,1.0
3770,0.2
3771,0.2
3772,1.0
3773,0.2
3774,0.6
3775,0.2
3776,0.2
3777,1.0
3778,0.6
3779,0.2
3780,0.2
3781,1.0
3782,1.0
3783,0.2
3784,0.6
3785,0.2
3786,0.6
3787,1.0
3788,1.0
3789,0.6
3790,0.2
3791,1.0
3792,1.0
3793,1.0
3794,0.6
3795,0.6
3796,1.0
3797,0.6
3798,1.0
3799,1.0
3800,0.6
3801,0.2
3802,0.2
3803,0.6
3804,0.6
3805,1.0
3806,0.2
3807,0.2
3808,0.2
3809,0.2
3810,0.6
3811,0.6
3812,1.0
3813,1.0
3814,0.2
3815,0.6
3816,1.0
3817,1.0
3818,0.2
3819,0.6
3820,0.2
3821,0.6
3822,0.2
3823,0.2
3824,0.2
3825,0.2
3826,0.2
3827,0.6
3828,1.0
3829,0.2
3830,0.6
3831,0.6
3832,0.2
3833,0.2
3834,1.0
3835,0.2
3836,1.0
3837,0.6
3838,0.2
3839,1.0
3840,1.0
3841,0.6
3842,0.2
3843,0.2
3844,0.6
3845,0.2
3846,0.6
3847,0.2
3848,0.6
3849,0.6
3850,0.2
3851,1.0
3852,1.0
3853,1.0
3854,0.6
3855,0.2
3856,0.6
3857,0.2
3858,1.0
3859,0.6
3860,0.6
3861,0.2
3862,0.2
3863,0.2
3864,0.2
3865,0.2
3866,0.2
3867,0.6
3868,1.0
3869,1.0
3870,0.6
3871,0.2
3872,0.6
3873,0.2
3874,0.2
3875,0.2
3876,1.0
3877,0.2
3878,0.2
3879,0.2
3880,0.2
3881,0.2
3882,0.6
3883,1.0
3884,0.2
3885,0.2
3886,0.2
3887,1.0
3888,0.6
3889,0.2
3890,0.2
3891,1.0
3892,0.2
3893,0.6
3894,0.6
3895,0.2
3896,0.2
3897,0.2
3898,1.0
3899,0.2
3900,0.2
3901,0.2
3902,1.0
3903,0.6
3904,0.6
3905,1.0
3906,0.2
3907,0.2
3908,0.6
3909,1.0
3910,0.2
3911,0.6
3912,0.6
3913,0.6
3914,0.2
3915,0.6
3916,0.6
3917,0.2
3918,0.6
3919,0.2
3920,0.2
3921,0.2
3922,0.2
3923,0.6
3924,0.2
3925,0.6
3926,1.0
3927,1.0
3928,0.2
3929,0.2
3930,0.2
3931,1.0
3932,0.2
3933,0.6
3934,0.2
3935,1.0
3936,1.0
3937,0.6
3938,0.2
3939,0.6
3940,0.6
3941,1.0
3942,0.2
3943,0.2
3944,0.6
3945,1.0
3946,0.6
3947,0.2
3948,0.6
3949,0.2
3950,1.0
3951,0.2
3952,0.2
3953,1.0
3954,0.6
3955,1.0
3956,0.2
3957,1.0
3958,0.2
3959,0.2
3960,0.2
3961,1.0
3962,0.6
3963,0.2
3964,1.0
3965,1.0
3966,1.0
3967,0.6
3968,1.0
3969,0.2
3970,0.6
3971,0.6
3972,0.6
3973,1.0
3974,0.6
3975,1.0
3976,0.2
3977,0.2
3978,1.0
3979,0.6
3980,1.0
3981,0.2
3982,0.6
3983,1.0
3984,0.2
3985,0.6
3986,0.2
3987,0.2
3988,0.6
3989,1.0
3990,0.6
3991,0.2
3992,1.0
3993,0.6
3994,0.2
3995,0.6
3996,1.0
3997,1.0
3998,0.2
3999,0.2
4000,0.2
4001,0.2
4002,0.2
4003,1.0
4004,0.2
4005,0.2
4006,0.6
4007,0.2
4008,0.2
4009,0.6
4010,0.2
4011,0.2
4012,0.6
4013,0.6
4014,0.2
4015,1.0
4016,0.2
4017,1.0
4018,0.2
4019,0.2
4020,1.0
4021,0.6
4022,0.2
4023,1.0
4024,0.2
4025,0.6
4026,0.6
4027,1.0
4028,0.6
4029,0.2
4030,1.0
4031,0.2
4032,0.2
4033,0.2
4034,0.2
4035,0.6
4036,0.2
4037,1.0
4038,0.6
4039,0.6
4040,0.2
4041,1.0
4042,0.2
4043,0.6
4044,0.2
4045,0.6
4046,0.6
4047,0.2
4048,0.2
4049,0.2
4050,1.0
4051,0.2
4052,0.6
4053,0.6
4054,1.0
4055,0.2
4056,1.0
4057,0.6
4058,0.2
4059,0.2
4060,1.0
4061,1.0
4062,0.6
4063,0.2
4064,1.0
4065,0.6
4066,0.2
4067,0.2
4068,0.2
4069,1.0
4070,0.2
4071,0.2
4072,1.0
4073,1.0
4074,1.0
4075,0.2
4076,0.2
4077,1.0
4078,0.2
4079,0.2
4080,1.0
4081,0.2
4082,0.2
4083,0.2
4084,0.2
4085,0.6
4086,0.2
4087,0.2
4088,1.0
4089,0.6
4090,0.2
4091,0.2
4092,1.0
4093,0.6
4094,0.6
4095,0.2
4096,0.2
4097,1.0
4098,0.2
4099,1.0
4100,1.0
4101,0.2
4102,0.2
4103,0.2
4104,0.2
4105,0.6
4106,0.2
4107,1.0
4108,0.6
4109,0.2
4110,0.2
4111,0.2
4112,0.2
4113,0.6
4114,0.6
4115,0.2
4116,1.0
4117,0.2
4118,0.2
4119,0.2
4120,0.2
4121,0.2
4122,0.6
4123,0.2
4124,0.2
4125,0.2
4126,0.2
4127,0.6
4128,0.2
4129,1.0
4130,0.6
4131,0.2
4132,0.2
4133,0.2
4134,0.2
4135,0.2
4136,0.6
4137,0.6
4138,1.0
4139,0.2
4140,1.0
4141,1.0
4142,0.2
4143,0.2
4144,0.6
4145,0.2
4146,0.2
4147,0.2
4148,0.6
4149,0.6
4150,1.0
4151,1.0
4152,0.2
4153,0.2
4154,0.2
4155,0.2
4156,0.6
4157,1.0
4158,0.2
4159,0.2
4160,0.6
4161,0.2
4162,0.2
4163,0.6
4164,0.6
4165,0.2
4166,0.2
4167,0.6
4168,1.0
4169,1.0
4170,1.0
4171,1.0
4172,1.0
4173,0.2
4174,1.0
4175,0.2
4176,0.2
4177,0.2
4178,0.2
4179,1.0
4180,1.0
4181,1.0
4182,0.2
4183,0.2
4184,0.6
4185,0.6
4186,0.6
4187,0.2
4188,0.2
4189,0.6
4190,0.6
4191,0.6
4192,0.6
4193,0.6
4194,0.2
4195,1.0
4196,0.2
4197,0.2
4198,0.2
4199,0.6
4200,1.0
4201,0.2
4202,1.0
4203,0.6
4204,0.2
4205,0.6
4206,0.6
4207,0.6
4208,0.6
4209,1.0
4210,1.0
4211,0.2
4212,0.2
4213,0.6
4214,0.2
4215,0.6
4216,0.2
4217,0.2
4218,1.0
4219,1.0
4220,1.0
4221,0.2
4222,1.0
4223,0.6
4224,0.2
4225,0.2
4226,0.2
4227,0.2
4228,0.6
4229,1.0
4230,0.6
4231,0.6
4232,0.2
4233,0.2
4234,1.0
4235,0.2
4236,0.2
4237,0.6
4238,1.0
4239,0.6
4240,1.0
4241,0.2
4242,0.2
4243,0.2
4244,0.2
4245,0.2
4246,0.2
4247,0.6
4248,0.2
4249,0.2
4250,0.2
4251,1.0
4252,0.2
4253,1.0
4254,0.6
4255,0.6
4256,1.0
4257,0.6
4258,0.2
4259,0.2
4260,0.2
4261,0.2
4262,0.2
4263,1.0
4264,0.2
4265,0.2
4266,1.0
4267,0.2
4268,0.2
4269,1.0
4270,1.0
4271,1.0
4272,0.6
4273,0.2
4274,0.6
4275,1.0
4276,0.2
4277,0.6
4278,0.6
4279,0.2
4280,1.0
4281,0.2
4282,0.6
4283,0.2
4284,1.0
4285,1.0
4286,0.6
4287,0.2
4288,0.2
4289,1.0
4290,0.2
4291,0.2
4292,0.6
4293,0.2
4294,0.2
4295,0.2
4296,0.6
4297,0.2
4298,0.2
4299,0.6
4300,0.2
4301,1.0
4302,1.0
4303,0.2
4304,0.2
4305,0.6
4306,1.0
4307,0.2
4308,0.6
4309,1.0
4310,1.0
4311,1.0
4312,0.6
4313,0.6
4314,0.6
4315,0.2
4316,0.6
4317,0.6
4318,0.6
4319,0.2
4320,0.6
4321,0.2
4322,0.2
4323,0.6
4324,1.0
4325,0.2
4326,0.2
4327,0.6
4328,0.2
4329,1.0
4330,0.6
4331,0.2
4332,0.6
4333,0.2
4334,0.2
4335,0.2
4336,0.2
4337,0.2
4338,0.6
4339,0.2
4340,0.2
4341,0.2
4342,0.2
4343,0.2
4344,0.2
4345,0.2
4346,0.6
4347,1.0
4348,1.0
4349,0.2
4350,0.2
4351,1.0
4352,1.0
4353,0.2
4354,0.6
4355,0.6
4356,0.2
4357,0.6
4358,0.6
4359,0.6
4360,0.6
4361,0.6
4362,0.6
4363,0.6
4364,0.6
4365,1.0
4366,0.2
4367,0.2
4368,0.6
4369,1.0
4370,0.2
4371,0.6
4372,0.6
4373,1.0
4374,0.6
4375,0.6
4376,0.6
4377,0.6
4378,1.0
4379,0.2
4380,1.0
4381,0.6
4382,0.6
4383,0.2
4384,1.0
4385,0.6
4386,0.6
4387,0.6
4388,0.2
4389,0.6
4390,0.6
4391,0.6
4392,0.2
4393,0.2
4394,0.6
4395,1.0
4396,0.6
4397,0.2
4398,1.0
4399,0.2
4400,0.2
4401,0.2
4402,0.6
4403,0.2
4404,0.2
4405,0.2
4406,0.6
4407,1.0
4408,1.0
4409,0.2
4410,0.6
4411,0.2
4412,0.2
4413,0.6
4414,0.2
4415,0.6
4416,0.2
4417,1.0
4418,0.6
4419,1.0
4420,0.6
4421,0.6
4422,0.2
4423,1.0
4424,0.2
4425,0.2
4426,0.2
4427,0.2
4428,0.2
4429,0.2
4430,0.2
4431,0.2
4432,0.6
4433,0.2
4434,0.6
4435,0.6
4436,1.0
4437,0.2
4438,0.6
4439,1.0
4440,0.2
4441,0.2
4442,0.2
4443,1.0
4444,0.6
4445,0.2
4446,0.6
4447,0.6
4448,0.2
4449,0.2
4450,0.2
4451,0.2
4452,0.2
4453,0.2
4454,0.6
4455,0.6
4456,0.2
4457,0.2
4458,0.6
4459,0.6
4460,0.2
4461,0.2
4462,0.2
4463,0.6
4464,1.0
4465,0.2
4466,0.2
4467,0.6
4468,0.2
4469,0.2
4470,0.6
4471,1.0
4472,1.0
4473,1.0
4474,0.2
4475,0.2
4476,0.2
4477,0.2
4478,0.2
4479,0.2
4480,0.6
4481,1.0
4482,0.6
4483,0.2
4484,1.0
4485,0.2
4486,0.2
4487,0.6
4488,0.2
4489,0.6
4490,0.2
4491,0.6
4492,0.6
4493,0.2
4494,1.0
4495,1.0
4496,1.0
4497,1.0
4498,0.6
4499,1.0
4500,0.2
4501,0.6
4502,0.2
4503,0.6
4504,0.2
4505,0.2
4506,0.2
4507,0.6
4508,0.2
4509,1.0
4510,0.2
4511,0.2
4512,0.6
4513,1.0
4514,1.0
4515,0.2
4516,0.2
4517,0.2
4518,0.2
4519,0.6
4520,0.2
4521,0.6
4522,0.2
4523,0.2
4524,0.2
4525,0.2
4526,0.6
4527,0.2
4528,0.6
4529,1.0
4530,1.0
4531,1.0
4532,0.6
4533,1.0
4534,0.2
4535,0.2
4536,0.2
4537,1.0
4538,1.0
4539,0.2
4540,1.0
4541,0.6
4542,1.0
4543,0.6
4544,0.2
4545,0.2
4546,0.6
4547,0.6
4548,0.2
4549,0.2
4550,0.2
4551,0.2
4552,0.2
4553,1.0
4554,0.2
4555,0.2
4556,0.6
4557,0.2
4558,1.0
4559,0.6
4560,1.0
4561,0.2
4562,0.6
4563,1.0
4564,0.6
4565,1.0
4566,1.0
4567,1.0
4568,0.6
4569,1.0
4570,0.2
4571,0.2
4572,0.6
4573,0.2
4574,0.2
4575,0.2
4576,0.2
4577,0.2
4578,0.6
4579,1.0
4580,0.2
4581,0.2
4582,0.6
4583,1.0
4584,0.2
4585,0.2
4586,1.0
4587,1.0
4588,0.2
4589,0.2
4590,0.2
4591,1.0
4592,1.0
4593,0.6
4594,1.0
4595,0.2
4596,1.0
4597,0.2
4598,0.2
4599,1.0
4600,0.2
4601,0.6
4602,0.6
4603,0.2
4604,1.0
4605,0.2
4606,1.0
4607,0.2
4608,0.2
4609,0.6
4610,0.6
4611,0.6
4612,0.2
4613,0.2
4614,0.2
4615,0.6
4616,0.6
4617,1.0
4618,0.2
4619,1.0
4620,0.6
4621,0.2
4622,1.0
4623,0.6
4624,0.6
4625,0.6
4626,0.2
4627,0.2
4628,0.6
4629,1.0
4630,1.0
4631,0.6
4632,0.2
4633,0.2
4634,0.6
4635,0.2
4636,0.2
4637,1.0
4638,0.6
4639,1.0
4640,0.2
4641,1.0
4642,1.0
4643,0.2
4644,0.2
4645,0.2
4646,0.6
4647,0.6
4648,0.2
4649,1.0
4650,0.2
4651,0.6
4652,1.0
4653,0.6
4654,0.6
4655,0.2
4656,1.0
4657,0.6
4658,0.6
4659,0.6
4660,0.2
4661,0.6
4662,1.0
4663,0.2
4664,0.2
4665,0.6
4666,1.0
4667,0.2
4668,0.6
4669,0.6
4670,0.6
4671,0.6
4672,0.6
4673,0.2
4674,1.0
4675,0.2
4676,0.2
4677,0.2
4678,0.2
4679,1.0
4680,0.6
4681,0.2
4682,1.0
4683,0.2
4684,0.6
4685,0.6
4686,1.0
4687,0.2
4688,0.2
4689,0.6
4690,0.6
4691,0.2
4692,0.6
4693,1.0
4694,0.6
4695,0.2
4696,1.0
4697,0.6
4698,0.6
4699,1.0
4700,0.2
4701,0.2
4702,0.2
4703,0.6
4704,0.2
4705,1.0
4706,0.6
4707,0.2
4708,0.2
4709,1.0
4710,1.0
4711,1.0
4712,0.2
4713,0.2
4714,0.6
4715,1.0
4716,0.6
4717,0.6
4718,0.6
4719,0.2
4720,0.2
4721,1.0
4722,0.6
4723,0.2
4724,1.0
4725,0.2
4726,1.0
4727,0.2
4728,1.0
4729,0.2
4730,0.6
4731,0.2
4732,0.6
4733,0.6
4734,0.6
4735,0.2
4736,0.6
4737,0.6
4738,0.6
4739,1.0
4740,0.2
4741,1.0
4742,0.2
4743,0.2
4744,0.6
4745,1.0
4746,0.2
4747,0.2
4748,0.2
4749,0.6
4750,0.2
4751,0.6
4752,1.0
4753,0.2
4754,0.2
4755,0.2
4756,0.2
4757,0.6
4758,1.0
4759,1.0
4760,0.6
4761,0.2
4762,0.2
4763,0.2
4764,0.2
4765,0.2
4766,0.2
4767,0.6
4768,0.2
4769,0.2
4770,0.2
4771,0.6
4772,0.6
4773,0.6
4774,0.6
4775,0.6
4776,1.0
4777,0.2
4778,1.0
4779,0.2
4780,0.6
4781,0.2
4782,1.0
4783,1.0
4784,1.0
4785,0.2
4786,1.0
4787,1.0
4788,0.2
4789,0.6
4790,0.6
4791,0.6
4792,0.2
4793,0.6
4794,0.2
4795,0.2
4796,1.0
4797,0.6
4798,0.2
4799,1.0
4800,0.2
4801,0.6
4802,0.6
4803,1.0
4804,0.6
4805,0.2
4806,0.2
4807,0.2
4808,1.0
4809,1.0
4810,0.2
4811,0.6
4812,0.6
4813,0.6
4814,0.2
4815,1.0
4816,0.2
4817,0.6
4818,0.2
4819,0.6
4820,0.2
4821,0.6
4822,0.6
4823,0.6
4824,0.6
4825,0.6
4826,0.2
4827,0.2
4828,0.2
4829,0.2
4830,0.6
4831,1.0
4832,1.0
4833,1.0
4834,0.2
4835,0.6
4836,1.0
4837,0.2
4838,1.0
4839,0.6
4840,1.0
4841,0.2
4842,1.0
4843,0.2
4844,1.0
4845,0.6
4846,0.2
4847,0.2
4848,0.2
4849,0.2
4850,1.0
4851,1.0
4852,0.6
4853,0.2
4854,0.6
4855,0.2
4856,0.2
4857,0.2
4858,0.6
4859,1.0
4860,0.2
4861,0.2
4862,0.2
4863,1.0
4864,1.0
4865,0.2
4866,0.2
4867,0.6
4868,1.0
4869,1.0
4870,1.0
4871,0.6
4872,1.0
4873,1.0
4874,0.2
4875,0.6
4876,0.6
4877,0.6
4878,0.6
4879,1.0
4880,0.2
4881,0.6
4882,0.2
4883,1.0
4884,0.6
4885,1.0
4886,1.0
4887,0.2
4888,1.0
4889,0.2
4890,0.2
4891,0.6
4892,0.6
4893,0.2
4894,1.0
4895,1.0
4896,0.6
4897,1.0
4898,1.0
4899,0.2
4900,0.2
4901,0.2
4902,0.2
4903,1.0
4904,1.0
4905,0.2
4906,0.6
4907,0.6
4908,0.6
4909,0.6
4910,1.0
4911,0.2
4912,0.2
4913,0.6
4914,1.0
4915,0.6
4916,0.2
4917,1.0
4918,1.0
4919,1.0
4920,0.2
4921,0.6
4922,0.6
4923,1.0
4924,0.6
4925,0.2
4926,0.6
4927,0.6
4928,0.2
4929,1.0
4930,1.0
4931,1.0
4932,1.0
4933,0.2
4934,0.6
4935,0.2
4936,1.0
4937,1.0
4938,0.2
4939,1.0
4940,0.6
4941,0.6
4942,1.0
4943,1.0
4944,0.6
4945,0.6
4946,1.0
4947,0.2
4948,1.0
4949,0.2
4950,0.6
4951,1.0
4952,1.0
4953,0.2
4954,0.6
4955,0.2
4956,0.2
4957,0.6
4958,0.2
4959,0.2
4960,0.2
4961,1.0
4962,1.0
4963,0.2
4964,0.6
4965,0.2
4966,0.2
4967,0.2
4968,0.6
4969,1.0
4970,0.2
4971,1.0
4972,0.2
4973,1.0
4974,1.0
4975,0.2
4976,0.2
4977,0.2
4978,0.2
4979,0.2
4980,0.2
4981,0.6
4982,1.0
4983,1.0
4984,0.6
4985,1.0
4986,0.2
4987,1.0
4988,1.0
4989,0.6
4990,1.0
4991,0.2
4992,0.2
4993,0.2
4994,0.6
4995,0.2
4996,0.2
4997,0.2
4998,0.6
4999,0.2
5000,0.6
5001,0.6
5002,1.0
5003,0.2
5004,0.2
5005,0.6
5006,0.2
5007,0.6
5008,1.0
5009,0.6
5010,1.0
5011,1.0
5012,0.6
5013,0.2
5014,0.2
5015,0.2
5016,0.6
5017,0.6
5018,0.2
5019,0.6
5020,1.0
5021,0.2
5022,1.0
5023,0.6
5024,0.2
5025,1.0
5026,1.0
5027,0.2
5028,1.0
5029,0.6
5030,0.2
5031,0.6
5032,0.2
5033,0.2
5034,0.2
5035,0.2
5036,0.6
5037,0.6
5038,1.0
5039,0.2
5040,0.6
5041,0.2
5042,0.6
5043,0.2
5044,0.6
5045,0.2
5046,1.0
5047,0.6
5048,0.6
5049,0.6
5050,0.2
5051,0.2
5052,0.6
5053,1.0
5054,0.2
5055,0.6
5056,1.0
5057,1.0
5058,0.2
5059,0.2
5060,0.6
5061,1.0
5062,0.6
5063,0.6
5064,0.2
5065,1.0
5066,0.6
5067,0.6
5068,0.6
5069,0.2
5070,1.0
5071,0.2
5072,0.6
5073,0.2
5074,0.6
5075,0.2
5076,0.2
5077,0.2
5078,1.0
5079,1.0
5080,0.6
5081,1.0
5082,0.2
5083,1.0
5084,1.0
5085,1.0
5086,0.6
5087,0.6
5088,0.6
5089,1.0
5090,0.6
5091,1.0
5092,0.2
5093,1.0
5094,0.2
5095,1.0
5096,0.6
5097,0.6
5098,0.6
5099,0.2
5100,1.0
5101,0.6
5102,1.0
5103,0.6
5104,0.2
5105,0.2
5106,0.6
5107,1.0
5108,0.2
5109,0.6
5110,0.2
5111,0.2
5112,0.6
5113,0.6
5114,0.2
5115,0.2
5116,0.2
5117,0.2
5118,1.0
5119,1.0
5120,1.0
5121,1.0
5122,0.2
5123,1.0
5124,1.0
5125,0.6
5126,0.6
5127,1.0
5128,0.2
5129,1.0
5130,1.0
5131,0.2
5132,0.2
5133,0.6
5134,0.6
5135,0.2
5136,0.2
5137,0.6
5138,0.2
5139,0.2
5140,0.6
5141,0.6
5142,0.6
5143,0.2
5144,0.2
5145,0.2
5146,1.0
5147,0.6
5148,0.2
5149,0.2
5150,0.2
5151,0.6
5152,0.2
5153,0.2
5154,0.2
5155,0.6
5156,1.0
5157,1.0
5158,1.0
5159,0.6
5160,0.2
5161,0.2
5162,0.2
5163,1.0
5164,1.0
5165,0.2
5166,0.2
5167,0.6
5168,1.0
5169,0.2
5170,1.0
5171,0.6
5172,0.2
5173,0.2
5174,0.2
5175,0.6
5176,1.0
5177,0.2
5178,0.2
5179,0.6
5180,0.2
5181,1.0
5182,0.2
5183,1.0
5184,1.0
5185,1.0
5186,1.0
5187,0.6
5188,0.6
5189,0.6
5190,0.2
5191,0.2
5192,1.0
5193,0.2
5194,0.6
5195,1.0
5196,0.2
5197,1.0
5198,0.2
5199,0.6
5200,0.2
5201,0.2
5202,0.2
5203,1.0
5204,0.2
5205,1.0
5206,0.2
5207,1.0
5208,1.0
5209,0.2
5210,1.0
5211,0.6
5212,0.2
5213,0.6
5214,0.2
5215,0.2
5216,0.2
5217,1.0
5218,0.2
5219,1.0
5220,0.2
5221,0.6
5222,0.2
5223,0.6
5224,1.0
5225,0.2
5226,1.0
5227,0.2
5228,1.0
5229,0.2
5230,0.2
5231,1.0
5232,0.2
5233,0.6
5234,0.2
5235,1.0
5236,0.6
5237,0.6
5238,1.0
5239,1.0
5240,0.6
5241,0.6
5242,0.6
5243,0.2
5244,0.2
5245,0.6
5246,1.0
5247,0.6
5248,0.2
5249,0.2
5250,1.0
5251,0.6
5252,0.6
5253,1.0
5254,1.0
5255,1.0
5256,1.0
5257,0.2
5258,0.2
5259,0.2
5260,0.2
5261,1.0
5262,0.2
5263,0.2
5264,0.2
5265,0.2
5266,0.6
5267,0.2
5268,1.0
5269,0.6
5270,0.2
5271,0.2
5272,0.2
5273,0.6
5274,0.6
5275,1.0
5276,0.2
5277,1.0
5278,0.6
5279,0.2
5280,0.6
5281,0.2
5282,0.2
5283,0.2
5284,0.2
5285,1.0
5286,0.6
5287,0.2
5288,0.6
5289,0.2
5290,0.6
5291,0.2
5292,0.2
5293,0.2
5294,1.0
5295,0.6
5296,0.2
5297,0.6
5298,0.6
5299,0.6
5300,0.2
5301,0.2
5302,0.2
5303,0.2
5304,0.2
5305,0.6
5306,1.0
5307,1.0
5308,0.6
5309,0.6
5310,0.6
5311,0.6
5312,0.2
5313,0.2
5314,0.6
5315,1.0
5316,1.0
5317,0.2
5318,0.6
5319,1.0
5320,0.2
5321,0.2
5322,0.6
5323,0.2
5324,0.6
5325,0.2
5326,0.2
5327,0.2
5328,0.2
5329,0.2
5330,0.2
5331,0.2
5332,0.2
5333,0.2
5334,0.6
5335,0.2
5336,0.6
5337,0.6
5338,1.0
5339,0.2
5340,1.0
5341,0.6
5342,0.2
5343,1.0
5344,1.0
5345,0.2
5346,0.2
5347,0.2
5348,1.0
5349,0.2
5350,0.6
5351,0.6
5352,0.2
5353,0.2
5354,0.2
5355,0.2
5356,0.2
5357,1.0
5358,1.0
5359,1.0
5360,0.6
5361,0.6
5362,0.6
5363,0.2
5364,0.2
5365,1.0
5366,1.0
5367,1.0
5368,1.0
5369,1.0
5370,1.0
5371,0.6
5372,0.2
5373,0.6
5374,0.2
5375,0.6
5376,1.0
5377,1.0
5378,1.0
5379,1.0
5380,0.2
5381,0.6
5382,0.2
5383,1.0
5384,1.0
5385,1.0
5386,1.0
5387,0.2
5388,1.0
5389,1.0
5390,0.2
5391,0.2
5392,0.6
5393,0.2
5394,0.6
5395,1.0
5396,0.6
5397,0.2
5398,0.2
5399,1.0
5400,0.6
5401,0.2
5402,1.0
5403,0.2
5404,0.6
5405,0.2
5406,0.6
5407,0.2
5408,0.6
5409,0.2
5410,0.6
5411,0.2
5412,0.2
5413,0.6
5414,0.2
5415,0.2
5416,0.6
5417,0.2
5418,0.6
5419,0.2
5420,0.2
5421,0.6
5422,0.2
5423,0.2
5424,0.2
5425,0.6
5426,0.6
5427,0.6
5428,0.6
5429,0.2
5430,0.6
5431,0.6
5432,0.2
5433,0.2
5434,0.2
5435,0.2
5436,0.6
5437,0.2
5438,1.0
5439,0.6
5440,0.2
5441,0.2
5442,0.6
5443,0.2
5444,0.2
5445,1.0
5446,0.6
5447,0.2
5448,0.6
5449,0.2
5450,0.6
5451,0.2
5452,1.0
5453,0.2
5454,0.2
5455,1.0
5456,0.2
5457,0.2
5458,0.2
5459,0.6
5460,1.0
5461,0.2
5462,0.2
5463,0.6
5464,0.6
5465,0.6
5466,0.2
5467,0.2
5468,0.2
5469,0.2
5470,0.2
5471,1.0
5472,0.2
5473,1.0
5474,0.6
5475,0.6
5476,0.2
5477,0.2
5478,1.0
5479,1.0
5480,0.6
5481,0.2
5482,0.6
5483,0.2
5484,0.2
5485,0.6
5486,0.2
5487,0.2
5488,1.0
5489,1.0
5490,0.6
5491,0.6
5492,0.2
5493,0.2
5494,0.2
5495,0.2
5496,0.6
5497,0.2
5498,0.2
5499,0.2
5500,0.6
5501,0.2
5502,0.2
5503,0.6
5504,0.6
5505,0.6
5506,0.2
5507,1.0
5508,1.0
5509,0.2
5510,0.2
5511,0.2
5512,0.2
5513,0.2
5514,0.2
5515,1.0
5516,0.6
5517,0.2
5518,0.2
5519,0.2
5520,1.0
5521,0.6
5522,1.0
5523,1.0
5524,0.6
5525,1.0
5526,0.2
5527,0.6
5528,0.2
5529,0.6
5530,0.6
5531,0.2
5532,0.2
5533,0.2
5534,0.6
5535,0.6
5536,0.6
5537,1.0
5538,0.2
5539,0.2
5540,0.2
5541,1.0
5542,0.2
5543,0.6
5544,0.2
5545,1.0
5546,0.6
5547,0.6
5548,1.0
5549,0.2
5550,1.0
5551,0.2
5552,1.0
5553,0.6
5554,0.2
5555,0.2
5556,0.6
5557,0.2
5558,0.2
5559,0.6
5560,0.2
5561,0.6
5562,1.0
5563,0.2
5564,0.2
5565,0.6
5566,1.0
5567,0.2
5568,0.2
5569,0.2
5570,0.2
5571,0.2
5572,0.6
5573,1.0
5574,0.2
5575,1.0
5576,0.2
5577,0.6
5578,0.2
5579,0.2
5580,1.0
5581,1.0
5582,0.2
5583,0.6
5584,0.2
5585,0.6
5586,0.2
5587,0.6
5588,1.0
5589,0.2
5590,0.2
5591,0.6
5592,1.0
5593,0.6
5594,0.2
5595,1.0
5596,0.2
5597,1.0
5598,1.0
5599,0.6
5600,0.2
5601,1.0
5602,0.2
5603,0.6
5604,1.0
5605,1.0
5606,0.2
5607,1.0
5608,0.6
5609,0.6
5610,0.6
5611,0.2
5612,0.2
5613,1.0
5614,0.2
5615,0.6
5616,0.2
5617,0.2
5618,0.2
5619,0.6
5620,0.6
5621,0.2
5622,0.2
5623,0.6
5624,1.0
5625,1.0
5626,1.0
5627,1.0
5628,0.2
5629,0.2
5630,0.2
5631,1.0
5632,0.2
5633,0.2
5634,0.2
5635,0.6
5636,1.0
5637,1.0
5638,0.2
5639,1.0
5640,0.2
5641,0.6
5642,1.0
5643,0.2
5644,0.2
5645,1.0
5646,0.6
5647,0.6
5648,1.0
5649,0.2
5650,0.6
5651,1.0
5652,0.2
5653,0.2
5654,0.6
5655,0.2
5656,0.6
5657,0.6
5658,0.2
5659,0.2
5660,1.0
5661,0.6
5662,1.0
5663,0.2
5664,0.2
5665,0.6
5666,0.6
5667,1.0
5668,1.0
5669,0.6
5670,1.0
5671,0.2
5672,0.6
5673,0.6
5674,0.2
5675,1.0
5676,0.2
5677,0.2
5678,0.2
5679,1.0
5680,1.0
5681,0.2
5682,0.2
5683,1.0
5684,1.0
5685,0.6
5686,1.0
5687,0.2
5688,0.6
5689,1.0
5690,0.2
5691,0.2
5692,1.0
5693,0.6
5694,0.2
5695,0.2
5696,0.2
5697,0.2
5698,0.6
5699,0.6
5700,0.2
5701,0.6
5702,0.6
5703,1.0
5704,1.0
5705,1.0
5706,1.0
5707,0.2
5708,1.0
5709,0.6
5710,0.6
5711,0.2
5712,1.0
5713,1.0
5714,1.0
5715,0.2
5716,0.6
5717,0.6
5718,0.6
5719,0.2
5720,0.6
5721,0.6
5722,0.2
5723,0.6
5724,1.0
5725,1.0
5726,1.0
5727,0.2
5728,0.6
5729,0.2
5730,0.2
5731,0.2
5732,0.6
5733,0.6
5734,1.0
5735,0.6
5736,0.2
5737,0.2
5738,0.6
5739,0.6
5740,1.0
5741,0.6
5742,0.2
5743,0.2
5744,1.0
5745,0.6
5746,0.2
5747,0.2
5748,0.2
5749,0.2
5750,0.2
5751,0.2
5752,0.2
5753,0.6
5754,0.6
5755,0.2
5756,0.2
5757,0.6
5758,0.2
5759,1.0
5760,1.0
5761,0.2
5762,0.6
5763,0.6
5764,0.2
5765,1.0
5766,0.2
5767,0.6
5768,0.2
5769,1.0
5770,0.6
5771,0.2
5772,0.6
5773,1.0
5774,0.6
5775,1.0
5776,0.2
5777,0.6
5778,0.2
5779,0.2
5780,0.2
5781,0.2
5782,1.0
5783,0.2
5784,0.2
5785,0.2
5786,0.6
5787,0.2
5788,0.2
5789,0.6
5790,0.6
5791,0.2
5792,0.2
5793,0.2
5794,1.0
5795,0.6
5796,0.2
5797,0.2
5798,0.6
5799,0.2
5800,1.0
5801,0.6
5802,0.6
5803,0.6
5804,0.6
5805,0.2
5806,0.6
5807,0.6
5808,1.0
5809,1.0
5810,1.0
5811,0.6
5812,0.2
5813,1.0
5814,0.2
5815,0.2
5816,0.6
5817,0.2
5818,1.0
5819,0.2
5820,0.2
5821,0.6
5822,0.6
5823,0.2
5824,0.2
5825,0.2
5826,0.6
5827,0.2
5828,0.6
5829,0.6
5830,1.0
5831,0.2
5832,0.6
5833,1.0
5834,1.0
5835,0.6
5836,0.2
5837,0.6
5838,1.0
5839,0.6
5840,0.6
5841,0.6
5842,0.6
5843,0.6
5844,0.2
5845,0.2
5846,1.0
5847,1.0
5848,0.2
5849,0.2
5850,0.6
5851,0.6
5852,0.6
5853,0.2
5854,0.6
5855,0.2
5856,0.2
5857,1.0
5858,1.0
5859,0.2
5860,0.6
5861,0.6
5862,0.2
5863,0.2
5864,0.2
5865,0.2
5866,1.0
5867,1.0
5868,1.0
5869,0.2
5870,0.2
5871,0.2
5872,0.6
5873,0.2
5874,0.6
5875,0.2
5876,0.2
5877,0.6
5878,0.2
5879,1.0
5880,0.6
5881,0.2
5882,0.6
5883,0.6
5884,0.2
5885,0.6
5886,0.6
5887,0.6
5888,0.2
5889,0.2
5890,1.0
5891,0.2
5892,0.2
5893,0.2
5894,0.2
5895,0.2
5896,1.0
5897,0.2
5898,1.0
5899,0.6
5900,0.2
5901,1.0
5902,0.6
5903,0.2
5904,1.0
5905,1.0
5906,1.0
5907,0.2
5908,0.6
5909,1.0
5910,0.6
5911,0.6
5912,0.2
5913,0.6
5914,0.6
5915,1.0
5916,1.0
5917,0.2
5918,0.2
5919,0.2
5920,1.0
5921,0.6
5922,0.2
5923,0.2
5924,1.0
5925,0.6
5926,1.0
5927,0.2
5928,0.2
5929,1.0
5930,1.0
5931,1.0
5932,0.2
5933,0.6
5934,0.6
5935,1.0
5936,0.2
5937,0.6
5938,0.2
5939,0.6
5940,1.0
5941,0.6
5942,1.0
5943,0.6
5944,0.6
5945,0.6
5946,0.2
5947,1.0
5948,0.2
5949,0.6
5950,0.6
5951,0.2
5952,0.2
5953,0.2
5954,0.2
5955,0.6
5956,0.2
5957,1.0
5958,1.0
5959,0.2
5960,0.2
5961,0.2
5962,0.2
5963,0.2
5964,0.6
5965,0.2
5966,0.6
5967,1.0
5968,0.2
5969,0.2
5970,1.0
5971,0.2
5972,0.2
5973,0.2
5974,0.2
5975,0.6
5976,0.2
5977,0.6
5978,0.2
5979,0.2
5980,1.0
5981,0.6
5982,0.6
5983,0.2
5984,0.6
5985,0.6
5986,0.2
5987,0.2
5988,0.2
5989,0.2
5990,0.2
5991,0.2
5992,0.2
5993,0.2
5994,1.0
5995,0.2
5996,0.6
5997,0.2
5998,0.2
5999,0.2
6000,0.6
6001,0.2
6002,0.2
6003,1.0
6004,0.2
6005,0.2
6006,0.6
6007,0.6
6008,0.6
6009,0.6
6010,0.6
6011,0.2
6012,0.6
6013,0.2
6014,1.0
6015,0.2
6016,0.2
6017,0.2
6018,0.2
6019,0.2
6020,0.2
6021,0.2
6022,0.6
6023,0.2
6024,0.2
6025,0.2
6026,0.2
6027,0.2
6028,0.6
6029,0.2
6030,0.2
6031,0.6
6032,0.2
6033,0.2
6034,0.6
6035,0.6
6036,1.0
6037,0.6
6038,0.2
6039,0.2
6040,0.6
6041,1.0
6042,0.2
6043,1.0
6044,0.6
6045,1.0
6046,0.2
6047,0.6
6048,0.2
6049,0.6
6050,0.6
6051,1.0
6052,1.0
6053,0.6
6054,0.2
6055,1.0
6056,0.2
6057,0.6
6058,0.2
6059,0.6
6060,0.2
6061,1.0
6062,0.2
6063,0.6
6064,0.6
6065,0.6
6066,0.6
6067,1.0
6068,0.6
6069,1.0
6070,0.2
6071,0.6
6072,1.0
6073,0.2
6074,1.0
6075,0.2
6076,0.6
6077,0.2
6078,0.2
6079,0.6
6080,0.6
6081,0.6
6082,0.2
6083,1.0
6084,0.2
6085,0.2
6086,0.2
6087,0.6
6088,0.2
6089,0.6
6090,0.6
6091,1.0
6092,0.2
6093,0.6
6094,0.6
6095,0.6
6096,0.2
6097,0.6
6098,0.6
6099,0.6
6100,0.2
6101,0.6
6102,1.0
6103,0.2
6104,0.2
6105,0.6
6106,0.2
6107,0.6
6108,1.0
6109,0.6
6110,0.2
6111,0.2
6112,0.6
6113,0.6
6114,0.2
6115,0.2
6116,1.0
6117,0.6
6118,0.6
6119,0.6
6120,1.0
6121,0.2
6122,0.6
6123,1.0
6124,1.0
6125,0.2
6126,0.2
6127,0.2
6128,0.6
6129,0.2
6130,0.2
6131,0.2
6132,0.2
6133,1.0
6134,0.6
6135,0.2
6136,1.0
6137,0.2
6138,1.0
6139,0.2
6140,0.2
6141,0.2
6142,1.0
6143,0.2
6144,0.2
6145,0.2
6146,0.6
6147,0.6
6148,0.2
6149,0.6
6150,0.2
6151,1.0
6152,0.2
6153,0.2
6154,0.2
6155,0.6
6156,1.0
6157,0.2
6158,0.6
6159,0.6
6160,0.2
6161,0.6
6162,1.0
6163,0.2
6164,0.6
6165,0.6
6166,0.6
6167,0.2
6168,0.6
6169,0.2
6170,0.2
6171,0.6
6172,0.2
6173,0.2
6174,0.2
6175,1.0
6176,0.2
6177,0.2
6178,0.6
6179,0.6
6180,1.0
6181,0.6
6182,0.6
6183,0.2
6184,1.0
6185,0.6
6186,0.6
6187,0.6
6188,0.6
6189,0.2
6190,1.0
6191,0.2
6192,0.2
6193,0.2
6194,0.2
6195,1.0
6196,0.2
6197,0.6
6198,0.2
6199,0.6
6200,0.2
6201,0.6
6202,0.2
6203,0.6
6204,0.6
6205,1.0
6206,0.2
6207,0.2
6208,1.0
6209,0.2
6210,0.2
6211,0.6
6212,0.2
6213,0.6
6214,0.2
6215,0.2
6216,0.2
6217,0.2
6218,0.2
6219,1.0
6220,0.6
6221,0.6
6222,1.0
6223,0.6
6224,0.2
6225,0.2
6226,0.2
6227,0.6
6228,0.2
6229,0.2
6230,0.6
6231,0.2
6232,0.6
6233,0.6
6234,0.6
6235,0.2
6236,0.2
6237,1.0
6238,1.0
6239,0.2
6240,0.2
6241,0.2
6242,0.6
6243,0.2
6244,0.6
6245,1.0
6246,0.6
6247,0.6
6248,0.2
6249,0.2
6250,1.0
6251,0.6
6252,0.2
6253,1.0
6254,0.6
6255,0.2
6256,0.2
6257,1.0
6258,0.6
6259,0.6
6260,1.0
6261,0.2
6262,0.2
6263,0.2
6264,0.6
6265,0.2
6266,1.0
6267,1.0
6268,0.2
6269,0.2
6270,1.0
6271,0.6
6272,0.2
6273,1.0
6274,1.0
6275,0.6
6276,0.6
6277,0.2
6278,0.2
6279,0.6
6280,0.2
6281,0.2
6282,1.0
6283,0.6
6284,1.0
6285,0.2
6286,0.2
6287,1.0
6288,0.2
6289,0.2
6290,0.6
6291,0.6
6292,0.2
6293,1.0
6294,0.2
6295,1.0
6296,1.0
6297,0.2
6298,0.2
6299,0.6
6300,1.0
6301,0.6
6302,0.2
6303,1.0
6304,1.0
6305,0.2
6306,0.2
6307,0.2
6308,0.6
6309,0.2
6310,0.2
6311,0.2
6312,0.2
6313,0.6
6314,0.6
6315,1.0
6316,0.2
6317,0.2
6318,0.2
6319,0.2
6320,1.0
6321,0.6
6322,1.0
6323,0.2
6324,0.2
6325,0.2
6326,0.2
6327,1.0
6328,0.2
6329,0.6
6330,1.0
6331,1.0
6332,0.6
6333,0.2
6334,0.2
6335,0.6
6336,1.0
6337,1.0
6338,0.2
6339,1.0
6340,0.2
6341,0.2
6342,0.6
6343,0.6
6344,1.0
6345,1.0
6346,0.6
6347,0.2
6348,0.2
6349,0.2
6350,0.2
6351,1.0
6352,0.6
6353,1.0
6354,0.6
6355,0.6
6356,0.2
6357,0.2
6358,0.2
6359,0.2
6360,1.0
6361,0.2
6362,0.2
6363,0.2
6364,0.6
6365,0.2
6366,0.6
6367,0.6
6368,1.0
6369,0.6
6370,0.6
6371,0.2
6372,0.2
6373,1.0
6374,0.6
6375,0.2
6376,0.6
6377,1.0
6378,0.6
6379,0.2
6380,1.0
6381,0.2
6382,1.0
6383,1.0
6384,0.2
6385,0.2
6386,0.2
6387,1.0
6388,0.6
6389,0.2
6390,0.2
6391,0.2
6392,0.2
6393,1.0
6394,0.6
6395,0.2
6396,0.6
6397,0.2
6398,0.2
6399,0.2
6400,0.6
6401,0.2
6402,0.2
6403,0.2
6404,0.2
6405,0.6
6406,0.2
6407,0.2
6408,0.2
6409,1.0
6410,0.6
6411,1.0
6412,0.2
6413,1.0
6414,0.6
6415,0.6
6416,0.2
6417,0.2
6418,0.6
6419,0.2
6420,0.2
6421,0.2
6422,1.0
6423,0.2
6424,0.2
6425,0.6
6426,1.0
6427,0.6
6428,0.6
6429,0.6
6430,0.6
6431,0.2
6432,0.2
6433,1.0
6434,0.2
6435,1.0
6436,0.2
6437,0.2
6438,0.2
6439,1.0
6440,0.2
6441,1.0
6442,0.6
6443,0.6
6444,1.0
6445,0.2
6446,1.0
6447,0.2
6448,0.2
6449,0.2
6450,0.2
6451,1.0
6452,0.2
6453,0.6
6454,0.2
6455,1.0
6456,0.2
6457,0.2
6458,1.0
6459,1.0
6460,0.6
6461,0.6
6462,0.6
6463,0.6
6464,0.6
6465,1.0
6466,0.2
6467,0.6
6468,1.0
6469,1.0
6470,0.2
6471,0.6
6472,0.6
6473,0.2
6474,0.6
6475,1.0
6476,0.2
6477,1.0
6478,0.2
6479,0.6
6480,0.6
6481,0.6
6482,0.2
6483,0.6
6484,0.6
6485,0.2
6486,0.2
6487,0.2
6488,0.6
6489,0.6
6490,0.2
6491,0.2
6492,1.0
6493,1.0
6494,1.0
6495,0.2
6496,0.2
6497,1.0
6498,1.0
6499,0.2
6500,0.2
6501,0.2
6502,0.2
6503,0.2
6504,1.0
6505,0.2
6506,1.0
6507,0.2
6508,0.6
6509,0.6
6510,1.0
6511,0.2
6512,1.0
6513,1.0
6514,0.2
6515,1.0
6516,0.2
6517,0.2
6518,0.6
6519,0.2
6520,0.6
6521,0.2
6522,0.2
6523,0.2
6524,1.0
6525,1.0
6526,0.2
6527,0.2
6528,0.6
6529,0.6
6530,1.0
6531,0.2
6532,0.6
6533,0.6
6534,0.6
6535,0.2
6536,0.2
6537,0.6
6538,1.0
6539,0.2
6540,0.6
6541,0.2
6542,0.6
6543,0.2
6544,0.6
6545,1.0
6546,0.6
6547,0.6
6548,0.6
6549,0.6
6550,0.2
6551,0.2
6552,0.6
6553,0.6
6554,0.2
6555,0.2
6556,0.2
6557,0.2
6558,0.2
6559,0.2
6560,1.0
6561,0.2
6562,1.0
6563,0.2
6564,1.0
6565,0.6
6566,0.6
6567,1.0
6568,1.0
6569,0.6
6570,0.6
6571,0.2
6572,1.0
6573,1.0
6574,1.0
6575,0.2
6576,0.6
6577,0.2
6578,0.2
6579,0.6
6580,0.6
6581,0.2
6582,0.6
6583,0.2
6584,0.6
6585,1.0
6586,0.6
6587,0.2
6588,1.0
6589,0.2
6590,0.6
6591,0.2
6592,1.0
6593,0.6
6594,1.0
6595,0.2
6596,0.2
6597,0.2
6598,1.0
6599,0.6
6600,1.0
6601,0.2
6602,0.2
6603,0.2
6604,0.6
6605,0.6
6606,1.0
6607,0.2
6608,0.6
6609,1.0
6610,1.0
6611,1.0
6612,0.6
6613,0.2
6614,0.2
6615,0.2
6616,0.2
6617,0.2
6618,1.0
6619,0.2
6620,1.0
6621,0.6
6622,0.6
6623,0.2
6624,0.6
6625,0.2
6626,0.2
6627,1.0
6628,0.2
6629,0.6
6630,1.0
6631,0.2
6632,1.0
6633,0.6
6634,0.6
6635,0.2
6636,0.2
6637,0.6
6638,1.0
6639,1.0
6640,1.0
6641,0.6
6642,1.0
6643,0.2
6644,0.2
6645,0.2
6646,0.2
6647,1.0
6648,0.2
6649,0.2
6650,0.6
6651,0.2
6652,0.2
6653,0.2
6654,0.2
6655,0.6
6656,0.2
6657,0.6
6658,0.2
6659,0.2
6660,0.6
6661,0.2
6662,1.0
6663,0.6
6664,0.2
6665,0.2
6666,1.0
6667,0.2
6668,0.6
6669,0.2
6670,0.2
6671,0.2
6672,0.2
6673,0.2
6674,0.6
6675,0.2
6676,0.6
6677,0.2
6678,0.2
6679,0.2
6680,0.6
6681,1.0
6682,1.0
6683,0.2
6684,0.2
6685,0.2
6686,1.0
6687,0.2
6688,0.6
6689,0.6
6690,1.0
6691,1.0
6692,1.0
6693,0.6
6694,0.6
6695,0.2
6696,0.6
6697,1.0
6698,0.2
6699,1.0
6700,0.2
6701,1.0
6702,0.6
6703,1.0
6704,0.2
6705,0.2
6706,0.6
6707,1.0
6708,0.2
6709,1.0
6710,1.0
6711,0.2
6712,0.2
6713,0.6
6714,0.2
6715,1.0
6716,0.2
6717,1.0
6718,1.0
6719,1.0
6720,0.6
6721,1.0
6722,0.2
6723,0.2
6724,0.2
6725,0.6
6726,0.2
6727,0.6
6728,0.6
6729,0.2
6730,0.6
6731,0.2
6732,0.2
6733,0.2
6734,0.2
6735,1.0
6736,0.6
6737,0.2
6738,0.2
6739,0.6
6740,0.6
6741,0.6
6742,0.2
6743,0.2
6744,0.6
6745,0.2
6746,0.6
6747,0.2
6748,1.0
6749,0.6
6750,0.2
6751,0.6
6752,0.2
6753,1.0
6754,0.2
6755,0.2
6756,0.6
6757,1.0
6758,0.6
6759,1.0
6760,0.6
6761,0.2
6762,0.2
6763,0.6
6764,0.6
6765,0.6
6766,1.0
6767,0.6
6768,0.2
6769,0.2
6770,0.6
6771,0.6
6772,0.2
6773,0.2
6774,0.2
6775,1.0
6776,0.2
6777,0.2
6778,0.6
6779,1.0
6780,0.6
6781,1.0
6782,0.2
6783,0.6
6784,0.2
6785,1.0
6786,0.2
6787,0.6
6788,0.6
6789,0.2
6790,1.0
6791,1.0
6792,1.0
6793,0.6
6794,0.2
6795,0.2
6796,1.0
6797,0.2
6798,0.6
6799,0.2
6800,1.0
6801,1.0
6802,0.2
6803,0.2
6804,1.0
6805,0.6
6806,0.2
6807,0.2
6808,0.2
6809,0.2
6810,0.6
6811,0.2
6812,0.2
6813,0.6
6814,1.0
6815,0.2
6816,0.2
6817,0.6
6818,0.6
6819,0.2
6820,0.2
6821,1.0
6822,0.6
6823,1.0
6824,0.6
6825,0.6
6826,0.6
6827,1.0
6828,1.0
6829,0.6
6830,0.2
6831,0.2
6832,0.6
6833,0.2
6834,0.2
6835,0.6
6836,0.6
6837,0.6
6838,0.2
6839,0.6
6840,1.0
6841,0.6
6842,0.2
6843,0.6
6844,0.6
6845,1.0
6846,1.0
6847,0.2
6848,0.6
6849,0.6
6850,0.2
6851,0.2
6852,0.6
6853,0.2
6854,0.2
6855,0.2
6856,0.6
6857,0.6
6858,0.2
6859,0.6
6860,1.0
6861,0.6
6862,0.2
6863,0.2
6864,0.6
6865,0.2
6866,0.6
6867,0.6
6868,0.2
6869,1.0
6870,0.6
6871,1.0
6872,0.2
6873,0.6
6874,1.0
6875,1.0
6876,1.0
6877,0.2
6878,0.2
6879,1.0
6880,1.0
6881,0.6
6882,0.6
6883,0.2
6884,0.2
6885,1.0
6886,0.2
6887,0.6
6888,0.6
6889,0.6
6890,0.6
6891,0.6
6892,0.2
6893,0.2
6894,0.2
6895,0.6
6896,0.2
6897,1.0
6898,0.6
6899,0.6
6900,1.0
6901,0.2
6902,0.6
6903,0.2
6904,1.0
6905,0.6
6906,0.2
6907,0.6
6908,0.2
6909,0.6
6910,0.2
6911,0.6
6912,0.2
6913,0.2
6914,0.6
6915,1.0
6916,1.0
6917,0.2
6918,0.2
6919,0.6
6920,0.6
6921,0.2
6922,0.6
6923,0.6
6924,0.2
6925,1.0
6926,0.6
6927,0.2
6928,0.6
6929,0.2
6930,0.6
6931,0.6
6932,1.0
6933,0.6
6934,0.6
6935,1.0
6936,0.2
6937,0.6
6938,0.6
6939,0.2
6940,0.2
6941,0.6
6942,0.6
6943,0.2
6944,1.0
6945,0.6
6946,0.2
6947,1.0
6948,0.2
6949,0.2
6950,0.2
6951,0.2
6952,0.2
6953,0.2
6954,0.2
6955,0.2
6956,0.6
6957,0.6
6958,0.6
6959,0.2
6960,1.0
6961,0.6
6962,0.2
6963,0.6
6964,0.2
6965,0.2
6966,0.6
6967,0.2
6968,0.2
6969,0.6
6970,0.6
6971,0.2
6972,0.2
6973,1.0
6974,0.2
6975,1.0
6976,0.6
6977,0.2
6978,0.2
6979,1.0
6980,0.2
6981,0.2
6982,0.2
6983,1.0
6984,0.2
6985,0.2
6986,0.6
6987,0.6
6988,0.6
6989,0.2
6990,0.2
6991,0.2
6992,0.2
6993,0.2
6994,0.6
6995,0.6
6996,0.2
6997,0.6
6998,1.0
6999,0.2
7000,1.0
7001,0.6
7002,1.0
7003,0.6
7004,0.6
7005,0.6
7006,0.2
7007,0.2
7008,0.2
7009,1.0
7010,0.6
7011,0.2
7012,1.0
7013,0.6
7014,1.0
7015,0.6
7016,0.2
7017,0.6
7018,0.2
7019,0.2
7020,0.6
7021,0.2
7022,0.6
7023,0.6
7024,0.2
7025,0.2
7026,0.6
7027,0.2
7028,0.6
7029,0.2
7030,1.0
7031,0.2
7032,0.6
7033,0.2
7034,1.0
7035,0.6
7036,1.0
7037,0.6
7038,0.2
7039,0.6
7040,1.0
7041,1.0
7042,1.0
7043,0.6
7044,0.2
7045,1.0
7046,1.0
7047,0.2
7048,1.0
7049,1.0
7050,0.2
7051,0.6
7052,0.2
7053,0.2
7054,0.2
7055,1.0
7056,1.0
7057,0.6
7058,0.6
7059,1.0
7060,0.6
7061,1.0
7062,0.2
7063,1.0
7064,0.2
7065,0.2
7066,0.2
7067,0.2
7068,1.0
7069,1.0
7070,0.6
7071,0.6
7072,0.2
7073,0.6
7074,0.2
7075,0.6
7076,0.2
7077,0.6
7078,1.0
7079,0.2
7080,0.6
7081,0.6
7082,0.2
7083,0.6
7084,0.2
7085,0.2
7086,0.2
7087,0.6
7088,0.2
7089,1.0
7090,0.6
7091,0.2
7092,0.2
7093,1.0
7094,0.6
7095,1.0
7096,0.2
7097,1.0
7098,0.2
7099,0.2
7100,0.6
7101,0.6
7102,0.2
7103,0.2
7104,0.2
7105,0.2
7106,0.2
7107,0.6
7108,0.2
7109,0.2
7110,0.2
7111,0.6
7112,1.0
7113,0.2
7114,1.0
7115,0.6
7116,0.6
7117,0.6
7118,0.6
7119,0.2
7120,0.6
7121,0.6
7122,0.6
7123,0.6
7124,0.2
7125,1.0
7126,0.6
7127,0.6
7128,0.2
7129,0.2
7130,0.6
7131,0.2
7132,1.0
7133,0.2
7134,1.0
7135,0.6
7136,0.6
7137,0.2
7138,0.6
7139,0.6
7140,0.6
7141,1.0
7142,0.6
7143,0.2
7144,0.6
7145,0.2
7146,0.2
7147,0.2
7148,1.0
7149,0.6
7150,0.2
7151,0.2
7152,0.2
7153,0.2
7154,0.2
7155,0.2
7156,1.0
7157,1.0
7158,1.0
7159,1.0
7160,0.2
7161,1.0
7162,1.0
7163,0.6
7164,0.2
7165,0.2
7166,1.0
7167,1.0
7168,0.2
7169,0.2
7170,0.2
7171,0.2
7172,0.6
7173,0.2
7174,0.2
7175,1.0
7176,0.2
7177,0.2
7178,0.6
7179,0.6
7180,0.6
7181,0.2
7182,0.6
7183,0.2
7184,0.2
7185,0.6
7186,1.0
7187,1.0
7188,0.2
7189,0.6
7190,0.6
7191,1.0
7192,0.2
7193,0.6
7194,0.2
7195,0.2
7196,1.0
7197,1.0
7198,0.6
7199,0.6
7200,0.6
7201,0.6
7202,0.2
7203,0.6
7204,0.2
7205,0.6
7206,0.2
7207,0.6
7208,0.2
7209,0.2
7210,1.0
7211,0.2
7212,1.0
7213,0.6
7214,0.6
7215,1.0
7216,0.6
7217,1.0
7218,0.2
7219,0.6
7220,0.2
7221,0.6
7222,0.2
7223,1.0
7224,1.0
7225,0.2
7226,0.6
7227,1.0
7228,0.2
7229,0.6
7230,0.6
7231,0.2
7232,0.2
7233,0.2
7234,1.0
7235,0.6
7236,0.2
7237,1.0
7238,0.2
7239,0.2
7240,1.0
7241,0.6
7242,1.0
7243,0.6
7244,0.2
7245,0.2
7246,0.2
7247,0.6
7248,1.0
7249,0.6
7250,1.0
7251,0.2
7252,0.2
7253,1.0
7254,0.6
7255,0.2
7256,0.2
7257,1.0
7258,1.0
7259,1.0
7260,0.2
7261,0.2
7262,0.6
7263,0.2
7264,0.2
7265,0.2
7266,1.0
7267,0.2
7268,0.6
7269,1.0
7270,0.6
7271,0.6
7272,1.0
7273,0.6
7274,0.6
7275,1.0
7276,0.2
7277,0.2
7278,1.0
7279,0.2
7280,1.0
7281,0.2
7282,0.2
7283,0.2
7284,1.0
7285,0.2
7286,0.6
7287,0.2
7288,0.2
7289,0.2
7290,0.2
7291,0.6
7292,0.2
7293,0.2
7294,1.0
7295,0.2
7296,0.2
7297,0.2
7298,0.6
7299,0.6
7300,1.0
7301,1.0
7302,0.6
7303,1.0
7304,0.6
7305,0.2
7306,0.6
7307,1.0
7308,0.2
7309,1.0
7310,0.2
7311,1.0
7312,0.6
7313,0.6
7314,0.6
7315,1.0
7316,0.6
7317,0.2
7318,0.6
7319,0.2
7320,0.2
7321,1.0
7322,0.2
7323,0.6
7324,0.6
7325,1.0
7326,0.2
7327,0.2
7328,0.6
7329,0.2
7330,0.2
7331,1.0
7332,0.2
7333,0.6
7334,0.2
7335,0.2
7336,0.6
7337,0.2
7338,0.2
7339,0.2
7340,0.6
7341,0.2
7342,0.2
7343,0.2
7344,0.2
7345,0.2
7346,0.2
7347,1.0
7348,0.2
7349,0.2
7350,0.2
7351,1.0
7352,0.6
7353,0.6
7354,1.0
7355,1.0
7356,0.2
7357,0.2
7358,0.2
7359,0.6
7360,0.6
7361,1.0
7362,1.0
7363,0.6
7364,0.2
7365,0.2
7366,0.2
7367,0.2
7368,0.2
7369,0.2
7370,0.6
7371,0.6
7372,0.2
7373,0.6
7374,0.2
7375,0.2
7376,0.2
7377,0.6
7378,0.6
7379,0.6
7380,0.2
7381,0.2
7382,0.2
7383,0.6
7384,1.0
7385,1.0
7386,0.6
7387,0.6
7388,0.2
7389,1.0
7390,0.2
7391,0.2
7392,0.2
7393,0.6
7394,0.6
7395,0.2
7396,0.6
7397,0.2
7398,1.0
7399,1.0
7400,0.2
7401,0.2
7402,0.6
7403,0.2
7404,0.2
7405,0.6
7406,0.2
7407,0.6
7408,0.2
7409,0.2
7410,1.0
7411,0.2
7412,1.0
7413,1.0
7414,0.2
7415,0.2
7416,0.2
7417,1.0
7418,0.2
7419,0.6
7420,1.0
7421,0.6
7422,0.6
7423,0.2
7424,1.0
7425,0.2
7426,1.0
7427,0.6
7428,0.2
7429,1.0
7430,0.2
7431,0.6
7432,1.0
7433,0.6
7434,0.2
7435,0.2
7436,0.2
7437,0.2
7438,0.2
7439,0.2
7440,0.2
7441,1.0
7442,1.0
7443,1.0
7444,0.2
7445,1.0
7446,0.2
7447,0.6
7448,1.0
7449,0.2
7450,0.2
7451,0.2
7452,0.2
7453,0.2
7454,1.0
7455,0.6
7456,1.0
7457,0.2
7458,0.2
7459,0.2
7460,1.0
7461,0.2
7462,0.2
7463,0.6
7464,0.2
7465,1.0
7466,0.6
7467,0.2
7468,1.0
7469,0.6
7470,0.2
7471,0.6
7472,0.2
7473,1.0
7474,1.0
7475,1.0
7476,1.0
7477,0.2
7478,0.2
7479,0.6
7480,0.2
7481,1.0
7482,0.2
7483,0.2
7484,0.2
7485,1.0
7486,0.2
7487,0.2
7488,0.2
7489,1.0
7490,0.2
7491,0.6
7492,0.2
7493,0.2
7494,1.0
7495,1.0
7496,0.6
7497,1.0
7498,0.6
7499,0.6
7500,0.2
7501,1.0
7502,0.6
7503,0.2
7504,0.2
7505,0.6
7506,1.0
7507,0.2
7508,0.2
7509,0.2
7510,0.6
7511,0.2
7512,0.2
7513,0.2
7514,0.2
7515,0.2
7516,0.2
7517,0.2
7518,0.2
7519,0.2
7520,1.0
7521,1.0
7522,0.6
7523,0.2
7524,1.0
7525,0.2
7526,0.2
7527,0.2
7528,0.6
7529,0.2
7530,0.2
7531,0.2
7532,0.2
7533,0.2
7534,0.2
7535,1.0
7536,1.0
7537,0.6
7538,0.6
7539,1.0
7540,0.2
7541,0.2
7542,0.2
7543,0.2
7544,0.2
7545,1.0
7546,0.6
7547,0.2
7548,0.2
7549,0.2
7550,1.0
7551,0.6
7552,0.6
7553,0.6
7554,0.2
7555,0.2
7556,0.2
7557,1.0
7558,1.0
7559,0.2
7560,1.0
7561,1.0
7562,1.0
7563,0.6
7564,0.2
7565,0.2
7566,1.0
7567,0.2
7568,0.2
7569,1.0
7570,1.0
7571,0.2
7572,0.2
7573,0.2
7574,0.2
7575,0.6
7576,0.2
7577,0.2
7578,0.6
7579,0.2
7580,1.0
7581,0.2
7582,0.2
7583,1.0
7584,0.6
7585,0.2
7586,1.0
7587,0.2
7588,0.2
7589,0.2
7590,0.2
7591,0.2
7592,1.0
7593,0.6
7594,0.6
7595,0.2
7596,0.2
7597,1.0
7598,0.2
7599,0.6
7600,0.6
7601,0.2
7602,0.6
7603,0.2
7604,0.2
7605,0.2
7606,0.2
7607,0.2
7608,0.6
7609,0.2
7610,0.6
7611,1.0
7612,0.2
7613,0.6
7614,1.0
7615,1.0
7616,0.6
7617,0.2
7618,0.2
7619,0.2
7620,0.2
7621,0.2
7622,1.0
7623,0.2
7624,0.2
7625,1.0
7626,0.2
7627,1.0
7628,0.2
7629,1.0
7630,0.6
7631,0.6
7632,1.0
7633,1.0
7634,1.0
7635,0.2
7636,0.6
7637,1.0
7638,0.6
7639,0.6
7640,1.0
7641,0.6
7642,0.2
7643,0.2
7644,0.2
7645,0.2
7646,1.0
7647,1.0
7648,0.6
7649,0.6
7650,1.0
7651,0.2
7652,0.2
7653,0.6
7654,1.0
7655,1.0
7656,0.6
7657,0.6
7658,0.2
7659,0.2
7660,1.0
7661,0.2
7662,0.2
7663,0.2
7664,1.0
7665,0.6
7666,1.0
7667,1.0
7668,1.0
7669,1.0
7670,1.0
7671,0.2
7672,0.6
7673,1.0
7674,0.2
7675,1.0
7676,1.0
7677,1.0
7678,0.6
7679,1.0
7680,0.2
7681,0.6
7682,0.2
7683,0.2
7684,0.2
7685,0.2
7686,1.0
7687,0.2
7688,0.6
7689,0.2
7690,0.2
7691,0.2
7692,0.6
7693,0.2
7694,0.6
7695,0.6
7696,0.6
7697,0.2
7698,0.6
7699,0.2
7700,0.2
7701,0.2
7702,0.2
7703,0.6
7704,1.0
7705,0.6
7706,0.2
7707,0.2
7708,0.2
7709,1.0
7710,0.6
7711,0.6
7712,0.2
7713,0.6
7714,0.6
7715,0.2
7716,0.6
7717,0.6
7718,0.6
7719,1.0
7720,0.2
7721,0.2
7722,0.6
7723,0.2
7724,0.2
7725,0.2
7726,0.6
7727,0.2
7728,1.0
7729,0.2
7730,0.6
7731,0.6
7732,0.6
7733,1.0
7734,0.6
7735,1.0
7736,0.2
7737,0.2
7738,1.0
7739,0.2
7740,0.6
7741,1.0
7742,0.6
7743,1.0
7744,1.0
7745,0.6
7746,0.2
7747,0.2
7748,0.2
7749,0.2
7750,0.2
7751,0.6
7752,0.2
7753,1.0
7754,0.6
7755,0.6
7756,0.2
7757,0.2
7758,0.2
7759,0.6
7760,1.0
7761,0.6
7762,1.0
7763,0.2
7764,0.6
7765,0.2
7766,0.2
7767,0.6
7768,1.0
7769,0.6
7770,1.0
7771,0.6
7772,0.6
7773,0.6
7774,0.2
7775,0.6
7776,0.2
7777,0.2
7778,0.6
7779,0.2
7780,0.6
7781,1.0
7782,0.6
7783,0.2
7784,1.0
7785,1.0
7786,0.6
7787,0.2
7788,0.6
7789,0.2
7790,0.2
7791,0.2
7792,0.2
7793,0.2
7794,0.2
7795,1.0
7796,0.6
7797,0.2
7798,0.2
7799,0.2
7800,0.6
7801,0.2
7802,0.6
7803,0.2
7804,0.2
7805,1.0
7806,1.0
7807,0.2
7808,0.2
7809,1.0
7810,0.6
7811,0.2
7812,0.6
7813,0.6
7814,0.6
7815,0.2
7816,0.6
7817,0.2
7818,1.0
7819,0.2
7820,0.6
7821,1.0
7822,1.0
7823,0.2
7824,0.6
7825,0.6
7826,0.2
7827,1.0
7828,0.2
7829,1.0
7830,0.6
7831,0.6
7832,0.2
7833,0.2
7834,1.0
7835,1.0
7836,0.2
7837,0.2
7838,0.2
7839,0.6
7840,0.2
7841,0.6
7842,1.0
7843,0.2
7844,1.0
7845,0.6
7846,0.6
7847,0.6
7848,0.6
7849,0.6
7850,0.2
7851,0.2
7852,0.6
7853,0.2
7854,1.0
7855,0.2
7856,0.2
7857,0.2
7858,0.6
7859,0.2
7860,0.6
7861,0.2
7862,0.2
7863,0.2
7864,0.2
7865,0.2
7866,0.2
7867,0.2
7868,0.2
7869,0.2
7870,1.0
7871,0.6
7872,0.6
7873,0.2
7874,0.2
7875,0.2
7876,0.2
7877,1.0
7878,0.2
7879,1.0
7880,0.6
7881,0.2
7882,0.2
7883,1.0
7884,0.6
7885,0.2
7886,0.6
7887,1.0
7888,0.2
7889,0.6
7890,1.0
7891,1.0
7892,0.2
7893,1.0
7894,1.0
7895,0.6
7896,0.2
7897,0.2
7898,0.2
7899,0.2
7900,0.2
7901,0.2
7902,0.6
7903,0.2
7904,1.0
7905,0.6
7906,0.2
7907,0.2
7908,0.2
7909,1.0
7910,0.6
7911,1.0
7912,1.0
7913,0.2
7914,1.0
7915,0.6
7916,1.0
7917,0.2
7918,0.6
7919,0.6
7920,0.2
7921,0.6
7922,0.2
7923,0.2
7924,0.2
7925,1.0
7926,0.2
7927,0.2
7928,0.2
7929,0.6
7930,0.6
7931,0.6
7932,1.0
7933,0.2
7934,0.6
7935,0.2
7936,0.6
7937,0.6
7938,0.6
7939,0.6
7940,1.0
7941,0.2
7942,0.2
7943,0.6
7944,1.0
7945,0.6
7946,1.0
7947,1.0
7948,0.2
7949,0.6
7950,0.6
7951,1.0
7952,0.2
7953,0.2
7954,0.2
7955,0.2
7956,0.6
7957,1.0
7958,0.2
7959,0.2
7960,0.6
7961,1.0
7962,0.2
7963,0.6
7964,0.2
7965,0.6
7966,0.2
7967,0.6
7968,0.6
7969,0.6
7970,0.2
7971,0.2
7972,0.2
7973,0.2
7974,0.2
7975,0.2
7976,1.0
7977,1.0
7978,0.2
7979,0.2
7980,0.6
7981,0.6
7982,0.2
7983,0.2
7984,1.0
7985,0.6
7986,0.6
7987,1.0
7988,0.2
7989,0.2
7990,0.6
7991,0.2
7992,0.6
7993,0.2
7994,1.0
7995,0.2
7996,1.0
7997,1.0
7998,0.6
7999,0.2
8000,1.0
8001,0.2
8002,0.6
8003,1.0
8004,0.6
8005,0.2
8006,0.6
8007,0.6
8008,0.6
8009,0.6
8010,0.2
8011,0.2
8012,0.6
8013,1.0
8014,0.2
8015,0.2
8016,0.2
8017,0.2
8018,1.0
8019,1.0
8020,0.6
8021,0.6
8022,1.0
8023,0.2
8024,0.6
8025,0.2
8026,0.2
8027,1.0
8028,0.6
8029,0.2
8030,0.6
8031,0.6
8032,0.2
8033,0.6
8034,1.0
8035,1.0
8036,1.0
8037,0.6
8038,0.6
8039,0.6
8040,0.2
8041,0.2
8042,0.6
8043,0.2
8044,0.2
8045,0.2
8046,0.6
8047,0.6
8048,0.6
8049,0.2
8050,0.6
8051,0.2
8052,0.2
8053,1.0
8054,0.2
8055,0.6
8056,1.0
8057,0.6
8058,0.6
8059,0.6
8060,0.6
8061,0.6
8062,0.6
8063,0.6
8064,1.0
8065,0.6
8066,1.0
8067,0.2
8068,0.2
8069,1.0
8070,1.0
8071,0.2
8072,1.0
8073,0.2
8074,1.0
8075,0.2
8076,1.0
8077,0.2
8078,0.6
8079,0.6
8080,1.0
8081,0.6
8082,0.6
8083,0.6
8084,0.2
8085,0.2
8086,0.2
8087,0.6
8088,0.2
8089,0.2
8090,0.6
8091,0.6
8092,0.6
8093,1.0
8094,1.0
8095,0.2
8096,0.6
8097,0.2
8098,0.2
8099,0.6
8100,0.6
8101,1.0
8102,0.2
8103,0.2
8104,0.6
8105,1.0
8106,1.0
8107,0.2
8108,0.6
8109,0.6
8110,0.6
8111,0.2
8112,0.6
8113,0.6
8114,0.2
8115,0.2
8116,0.2
8117,1.0
8118,1.0
8119,0.2
8120,0.6
8121,0.6
8122,0.2
8123,0.6
8124,0.6
8125,0.2
8126,0.2
8127,0.2
8128,1.0
8129,0.2
8130,0.6
8131,0.2
8132,0.2
8133,0.2
8134,0.2
8135,0.6
8136,0.2
8137,0.6
8138,0.2
8139,0.2
8140,0.2
8141,0.2
8142,1.0
8143,0.2
8144,0.6
8145,1.0
8146,1.0
8147,1.0
8148,0.2
8149,1.0
8150,0.6
8151,1.0
8152,1.0
8153,0.6
8154,1.0
8155,0.2
8156,0.2
8157,0.2
8158,0.6
8159,0.2
8160,0.2
8161,0.2
8162,0.2
8163,0.2
8164,0.2
8165,0.2
8166,1.0
8167,0.2
8168,1.0
8169,1.0
8170,0.2
8171,0.2
8172,0.2
8173,0.2
8174,0.2
8175,0.2
8176,0.2
8177,0.6
8178,0.6
8179,1.0
8180,1.0
8181,1.0
8182,0.2
8183,1.0
8184,0.6
8185,0.2
8186,0.2
8187,0.2
8188,0.2
8189,0.6
8190,0.2
8191,0.6
8192,0.6
8193,0.2
8194,0.6
8195,0.2
8196,1.0
8197,0.2
8198,0.2
8199,0.2
8200,0.2
8201,0.2
8202,0.2
8203,1.0
8204,0.6
8205,0.2
8206,0.6
8207,0.2
8208,0.6
8209,0.2
8210,1.0
8211,1.0
8212,1.0
8213,0.2
8214,0.2
8215,0.6
8216,0.6
8217,1.0
8218,0.2
8219,0.2
8220,1.0
8221,1.0
8222,1.0
8223,0.2
8224,0.6
8225,1.0
8226,0.6
8227,0.2
8228,0.6
8229,0.6
8230,0.6
8231,1.0
8232,1.0
8233,0.6
8234,0.6
8235,0.2
8236,1.0
8237,0.2
8238,0.2
8239,0.2
8240,0.2
8241,0.2
8242,0.2
8243,0.2
8244,0.2
8245,1.0
8246,0.2
8247,0.2
8248,0.6
8249,0.6
8250,0.2
8251,0.6
8252,0.2
8253,0.6
8254,1.0
8255,1.0
8256,1.0
8257,1.0
8258,0.6
8259,0.2
8260,0.6
8261,0.6
8262,0.2
8263,0.6
8264,0.2
8265,0.6
8266,0.6
8267,0.2
8268,0.2
8269,0.2
8270,1.0
8271,0.2
8272,0.2
8273,0.6
8274,0.2
8275,0.2
8276,0.2
8277,0.2
8278,1.0
8279,0.2
8280,0.2
8281,0.2
8282,0.2
8283,0.6
8284,0.2
8285,0.6
8286,1.0
8287,1.0
8288,0.6
8289,0.6
8290,0.2
8291,0.2
8292,0.2
8293,0.6
8294,1.0
8295,0.2
8296,0.2
8297,0.2
8298,0.2
8299,0.6
8300,1.0
8301,0.2
8302,0.2
8303,1.0
8304,0.6
8305,1.0
8306,0.2
8307,0.6
8308,0.2
8309,0.6
8310,1.0
8311,0.2
8312,1.0
8313,0.6
8314,0.2
8315,0.6
8316,0.2
8317,0.6
8318,0.6
8319,0.2
8320,0.2
8321,0.6
8322,0.6
8323,0.2
8324,1.0
8325,0.2
8326,0.2
8327,0.6
8328,1.0
8329,0.2
8330,0.2
8331,0.2
8332,0.6
8333,0.2
8334,1.0
8335,0.2
8336,0.2
8337,1.0
8338,0.6
8339,0.2
8340,0.6
8341,0.2
8342,0.2
8343,0.2
8344,0.2
8345,1.0
8346,0.6
8347,0.6
8348,0.2
8349,0.2
8350,0.2
8351,1.0
8352,0.2
8353,0.6
8354,0.6
8355,0.2
8356,0.2
8357,1.0
8358,0.2
8359,0.6
8360,0.2
8361,0.2
8362,0.2
8363,0.6
8364,0.6
8365,1.0
8366,0.2
8367,0.2
8368,0.6
8369,1.0
8370,0.2
8371,1.0
8372,1.0
8373,0.2
8374,0.6
8375,0.2
8376,0.6
8377,1.0
8378,0.6
8379,0.2
8380,0.2
8381,0.6
8382,1.0
8383,0.2
8384,0.2
8385,0.6
8386,0.6
8387,0.6
8388,0.2
8389,0.2
8390,1.0
8391,1.0
8392,0.6
8393,0.2
8394,1.0
8395,0.6
8396,0.6
8397,1.0
8398,1.0
8399,1.0
8400,1.0
8401,0.6
8402,0.2
8403,0.2
8404,0.2
8405,0.2
8406,1.0
8407,0.6
8408,0.2
8409,0.6
8410,0.6
8411,0.2
8412,0.6
8413,0.2
8414,0.2
8415,0.6
8416,1.0
8417,1.0
8418,0.6
8419,0.2
8420,0.6
8421,0.2
8422,1.0
8423,1.0
8424,1.0
8425,0.6
8426,0.2
8427,0.6
8428,0.2
8429,0.2
8430,0.6
8431,1.0
8432,0.2
8433,0.2
8434,1.0
8435,0.2
8436,0.2
8437,0.6
8438,0.2
8439,0.2
8440,1.0
8441,0.6
8442,0.6
8443,1.0
8444,0.2
8445,0.6
8446,0.2
8447,0.2
8448,0.2
8449,1.0
8450,0.6
8451,0.2
8452,1.0
8453,0.2
8454,0.2
8455,0.6
8456,0.6
8457,0.2
8458,0.2
8459,0.6
8460,1.0
8461,1.0
8462,0.2
8463,0.2
8464,0.6
8465,0.6
8466,0.2
8467,0.2
8468,0.6
8469,0.6
8470,0.2
8471,0.2
8472,0.2
8473,0.6
8474,0.2
8475,0.2
8476,1.0
8477,0.6
8478,0.6
8479,1.0
8480,0.2
8481,0.2
8482,0.2
8483,1.0
8484,0.6
8485,0.2
8486,0.2
8487,0.2
8488,0.6
8489,0.6
8490,1.0
8491,1.0
8492,1.0
8493,0.2
8494,0.2
8495,0.2
8496,0.6
8497,0.2
8498,0.6
8499,0.2
8500,1.0
8501,0.6
8502,0.2
8503,1.0
8504,0.2
8505,0.2
8506,0.6
8507,0.2
8508,0.2
8509,0.2
8510,1.0
8511,0.6
8512,1.0
8513,0.2
8514,0.6
8515,0.2
8516,1.0
8517,0.2
8518,0.2
8519,1.0
8520,1.0
8521,0.2
8522,1.0
8523,1.0
8524,0.6
8525,0.6
8526,0.6
8527,0.6
8528,1.0
8529,1.0
8530,1.0
8531,0.2
8532,0.2
8533,0.2
8534,0.2
8535,0.6
8536,1.0
8537,0.6
8538,1.0
8539,1.0
8540,0.6
8541,0.2
8542,1.0
8543,0.6
8544,0.2
8545,0.2
8546,0.2
8547,0.2
8548,0.6
8549,0.6
8550,1.0
8551,0.6
8552,0.2
8553,0.6
8554,0.2
8555,1.0
8556,0.2
8557,1.0
8558,0.2
8559,0.6
8560,1.0
8561,0.2
8562,0.2
8563,0.2
8564,1.0
8565,0.6
8566,0.2
8567,0.6
8568,0.2
8569,1.0
8570,0.6
8571,0.6
8572,0.2
8573,0.2
8574,0.2
8575,0.6
8576,0.6
8577,0.2
8578,0.2
8579,0.2
8580,1.0
8581,0.2
8582,0.6
8583,0.2
8584,1.0
8585,1.0
8586,0.6
8587,1.0
8588,0.6
8589,1.0
8590,1.0
8591,0.2
8592,0.6
8593,0.2
8594,0.2
8595,1.0
8596,0.2
8597,0.2
8598,0.6
8599,0.6
8600,0.6
8601,0.6
8602,1.0
8603,1.0
8604,0.2
8605,0.2
8606,0.2
8607,0.6
8608,0.2
8609,0.2
8610,1.0
8611,0.2
8612,0.2
8613,0.2
8614,1.0
8615,0.2
8616,0.2
8617,0.2
8618,1.0
8619,1.0
8620,1.0
8621,1.0
8622,0.6
8623,1.0
8624,0.6
8625,0.6
8626,0.2
8627,0.2
8628,1.0
8629,0.6
8630,0.2
8631,0.2
8632,0.6
8633,0.2
8634,0.6
8635,0.2
8636,1.0
8637,1.0
8638,0.2
8639,0.2
8640,1.0
8641,0.2
8642,0.6
8643,0.2
8644,0.2
8645,1.0
8646,1.0
8647,1.0
8648,0.2
8649,0.2
8650,0.2
8651,0.2
8652,1.0
8653,0.2
8654,0.6
8655,1.0
8656,1.0
8657,0.6
8658,0.2
8659,1.0
8660,0.2
8661,1.0
8662,1.0
8663,1.0
8664,0.2
8665,1.0
8666,0.2
8667,0.2
8668,0.6
8669,0.2
8670,0.2
8671,0.6
8672,0.2
8673,1.0
8674,1.0
8675,1.0
8676,0.2
8677,0.2
8678,0.6
8679,0.6
8680,0.2
8681,0.2
8682,0.6
8683,1.0
8684,1.0
8685,1.0
8686,0.2
8687,0.2
8688,0.6
8689,0.2
8690,0.6
8691,0.2
8692,1.0
8693,0.2
8694,0.2
8695,0.2
8696,0.2
8697,1.0
8698,0.6
8699,0.2
8700,0.6
8701,1.0
8702,0.2
8703,0.6
8704,0.2
8705,0.6
8706,1.0
8707,0.2
8708,0.2
8709,0.6
8710,1.0
8711,0.6
8712,0.6
8713,0.2
8714,0.2
8715,0.2
8716,0.2
8717,0.2
8718,0.2
8719,0.2
8720,0.2
8721,1.0
8722,0.6
8723,1.0
8724,1.0
8725,0.2
8726,0.2
8727,0.2
8728,0.6
8729,0.2
8730,1.0
8731,0.6
8732,0.6
8733,0.2
8734,0.6
8735,0.2
8736,0.2
8737,0.2
8738,0.2
8739,0.2
8740,0.2
8741,1.0
8742,1.0
8743,0.2
8744,0.2
8745,0.2
8746,0.2
8747,0.6
8748,0.2
8749,0.6
8750,1.0
8751,0.2
8752,0.6
8753,1.0
8754,0.6
8755,1.0
8756,0.2
8757,0.6
8758,1.0
8759,0.6
8760,1.0
8761,1.0
8762,0.6
8763,0.6
8764,1.0
8765,0.2
8766,0.2
8767,0.2
8768,0.6
8769,1.0
8770,0.2
8771,0.2
8772,0.2
8773,0.2
8774,0.2
8775,0.2
8776,0.6
8777,0.2
8778,0.2
8779,0.6
8780,1.0
8781,1.0
8782,0.6
8783,0.6
8784,0.2
8785,0.2
8786,0.6
8787,1.0
8788,0.6
8789,0.6
8790,0.6
8791,0.2
8792,0.2
8793,0.2
8794,0.2
8795,0.2
8796,0.2
8797,0.2
8798,0.6
8799,1.0
8800,0.6
8801,0.2
8802,0.2
8803,0.2
8804,0.6
8805,0.6
8806,0.2
8807,0.6
8808,1.0
8809,1.0
8810,0.2
8811,0.6
8812,0.2
8813,0.2
8814,0.2
8815,1.0
8816,1.0
8817,0.6
8818,0.2
8819,1.0
8820,0.6
8821,0.2
8822,0.6
8823,1.0
8824,1.0
8825,0.6
8826,1.0
8827,0.6
8828,1.0
8829,0.2
8830,0.6
8831,0.6
8832,0.2
8833,0.6
8834,0.6
8835,1.0
8836,1.0
8837,0.6
8838,0.6
8839,0.6
8840,0.2
8841,0.2
8842,0.6
8843,0.2
8844,0.2
8845,0.2
8846,0.2
8847,1.0
8848,0.2
8849,1.0
8850,1.0
8851,0.2
8852,1.0
8853,1.0
8854,0.6
8855,0.2
8856,0.6
8857,0.6
8858,0.2
8859,0.6
8860,0.2
8861,0.2
8862,0.6
8863,0.2
8864,0.2
8865,0.2
8866,0.2
8867,0.6
8868,0.2
8869,0.2
8870,1.0
8871,1.0
8872,0.2
8873,0.2
8874,0.6
8875,0.2
8876,0.2
8877,1.0
8878,0.6
8879,0.2
8880,0.6
8881,0.6
8882,0.2
8883,0.2
8884,0.2
8885,1.0
8886,0.6
8887,1.0
8888,1.0
8889,1.0
8890,0.6
8891,0.6
8892,0.2
8893,0.2
8894,0.2
8895,0.2
8896,0.2
8897,0.6
8898,0.2
8899,0.2
8900,1.0
8901,0.2
8902,0.6
8903,0.2
8904,0.2
8905,0.2
8906,0.2
8907,0.2
8908,0.6
8909,0.2
8910,0.2
8911,0.6
8912,1.0
8913,0.6
8914,0.2
8915,0.2
8916,1.0
8917,0.2
8918,1.0
8919,0.2
8920,0.2
8921,0.6
8922,0.2
8923,0.2
8924,1.0
8925,0.6
8926,0.2
8927,0.2
8928,0.6
8929,0.2
8930,0.6
8931,0.2
8932,0.2
8933,0.2
8934,0.2
8935,0.2
8936,0.6
8937,0.2
8938,0.6
8939,0.2
8940,1.0
8941,1.0
8942,0.2
8943,0.2
8944,1.0
8945,0.6
8946,0.2
8947,1.0
8948,0.6
8949,0.6
8950,1.0
8951,0.2
8952,1.0
8953,0.2
8954,0.2
8955,0.2
8956,1.0
8957,0.2
8958,0.2
8959,1.0
8960,0.6
8961,0.6
8962,0.2
8963,1.0
8964,0.6
8965,0.2
8966,0.2
8967,1.0
8968,0.6
8969,0.6
8970,1.0
8971,0.6
8972,0.2
8973,0.6
8974,0.2
8975,0.2
8976,0.2
8977,0.2
8978,0.6
8979,0.2
8980,1.0
8981,0.2
8982,1.0
8983,1.0
8984,0.6
8985,1.0
8986,0.2
8987,0.2
8988,0.2
8989,0.6
8990,0.6
8991,0.6
8992,0.2
8993,0.2
8994,0.6
8995,0.6
8996,0.2
8997,0.2
8998,1.0
8999,0.6
9000,0.6
9001,0.2
9002,0.2
9003,0.2
9004,0.2
9005,0.6
9006,0.2
9007,0.2
9008,1.0
9009,0.6
9010,0.2
9011,0.2
9012,0.2
9013,1.0
9014,0.2
9015,1.0
9016,0.2
9017,0.6
9018,0.2
9019,1.0
9020,0.2
9021,1.0
9022,1.0
9023,0.2
9024,0.2
9025,0.6
9026,0.2
9027,0.6
9028,0.2
9029,0.2
9030,0.2
9031,1.0
9032,0.2
9033,0.2
9034,0.2
9035,0.2
9036,0.6
9037,0.2
9038,1.0
9039,0.2
9040,1.0
9041,0.2
9042,0.2
9043,0.2
9044,0.2
9045,0.2
9046,0.2
9047,0.2
9048,0.2
9049,0.2
9050,0.2
9051,0.2
9052,0.6
9053,0.6
9054,1.0
9055,0.2
9056,0.6
9057,0.2
9058,0.6
9059,0.6
9060,0.2
9061,0.6
9062,0.2
9063,0.6
9064,0.6
9065,0.2
9066,1.0
9067,0.2
9068,1.0
9069,1.0
9070,0.6
9071,0.2
9072,0.6
9073,0.6
9074,0.6
9075,1.0
9076,0.2
9077,0.2
9078,0.6
9079,0.6
9080,1.0
9081,1.0
9082,0.6
9083,0.6
9084,1.0
9085,0.2
9086,0.2
9087,1.0
9088,0.2
9089,0.2
9090,1.0
9091,0.2
9092,0.2
9093,0.2
9094,0.2
9095,0.2
9096,0.6
9097,0.2
9098,0.2
9099,0.2
9100,1.0
9101,1.0
9102,1.0
9103,0.2
9104,0.6
9105,0.2
9106,0.2
9107,0.2
9108,0.2
9109,0.2
9110,1.0
9111,0.2
9112,1.0
9113,0.6
9114,0.2
9115,0.2
9116,0.6
9117,0.6
9118,0.6
9119,0.2
9120,0.2
9121,0.6
9122,0.6
9123,0.2
9124,0.2
9125,0.6
9126,0.2
9127,0.2
9128,0.2
9129,0.6
9130,0.6
9131,1.0
9132,1.0
9133,0.6
9134,1.0
9135,0.6
9136,1.0
9137,1.0
9138,0.2
9139,0.2
9140,0.2
9141,0.2
9142,0.2
9143,0.6
9144,0.2
9145,1.0
9146,0.2
9147,0.2
9148,0.6
9149,0.2
9150,0.6
9151,0.6
9152,0.6
9153,0.2
9154,0.6
9155,0.2
9156,1.0
9157,0.2
9158,0.2
9159,0.2
9160,0.2
9161,0.6
9162,0.2
9163,1.0
9164,1.0
9165,0.6
9166,0.2
9167,0.2
9168,0.6
9169,0.6
9170,0.6
9171,0.2
9172,0.6
9173,0.6
9174,0.2
9175,0.2
9176,0.6
9177,0.2
9178,0.2
9179,0.2
9180,0.2
9181,0.2
9182,0.2
9183,0.2
9184,1.0
9185,1.0
9186,0.6
9187,1.0
9188,0.2
9189,1.0
9190,0.2
9191,1.0
9192,0.2
9193,0.6
9194,1.0
9195,0.2
9196,1.0
9197,1.0
9198,0.2
9199,0.2
9200,1.0
9201,0.2
9202,0.2
9203,0.2
9204,1.0
9205,0.2
9206,0.2
9207,0.6
9208,0.6
9209,0.6
9210,0.6
9211,1.0
9212,0.2
9213,0.6
9214,0.2
9215,0.2
9216,1.0
9217,0.6
9218,0.2
9219,0.6
9220,1.0
9221,0.2
9222,1.0
9223,0.2
9224,1.0
9225,0.6
9226,0.6
9227,1.0
9228,0.6
9229,1.0
9230,0.2
9231,0.2
9232,0.6
9233,0.2
9234,0.2
9235,0.2
9236,1.0
9237,0.2
9238,0.2
9239,0.2
9240,0.6
9241,0.2
9242,0.2
9243,0.2
9244,0.2
9245,1.0
9246,1.0
9247,0.2
9248,0.2
9249,1.0
9250,0.2
9251,0.6
9252,1.0
9253,0.6
9254,0.2
9255,0.2
9256,0.2
9257,0.6
9258,1.0
9259,0.6
9260,0.6
9261,0.6
9262,0.2
9263,1.0
9264,1.0
9265,0.2
9266,0.2
9267,0.2
9268,1.0
9269,0.2
9270,1.0
9271,0.6
9272,0.6
9273,0.2
9274,0.2
9275,0.6
9276,0.6
9277,0.2
9278,0.6
9279,1.0
9280,0.2
9281,0.6
9282,0.6
9283,0.2
9284,0.2
9285,0.2
9286,0.6
9287,0.2
9288,0.2
9289,0.2
9290,0.2
9291,0.2
9292,0.2
9293,0.6
9294,1.0
9295,0.6
9296,0.2
9297,0.6
9298,0.6
9299,1.0
9300,1.0
9301,1.0
9302,0.2
9303,0.2
9304,0.2
9305,0.2
9306,0.6
9307,0.2
9308,0.2
9309,0.2
9310,0.2
9311,0.6
9312,0.2
9313,0.6
9314,1.0
9315,0.2
9316,0.6
9317,0.6
9318,0.6
9319,0.2
9320,1.0
9321,0.6
9322,0.2
9323,0.2
9324,0.2
9325,0.6
9326,0.2
9327,0.2
9328,0.2
9329,1.0
9330,0.6
9331,0.6
9332,0.2
9333,0.2
9334,1.0
9335,0.6
9336,0.6
9337,0.2
9338,0.2
9339,1.0
9340,0.2
9341,1.0
9342,1.0
9343,0.2
9344,0.2
9345,1.0
9346,0.2
9347,1.0
9348,0.2
9349,1.0
9350,1.0
9351,0.2
9352,0.2
9353,0.2
9354,0.2
9355,0.6
9356,0.2
9357,0.2
9358,0.2
9359,0.6
9360,1.0
9361,0.2
9362,0.2
9363,1.0
9364,0.6
9365,0.6
9366,0.6
9367,0.2
9368,0.6
9369,0.6
9370,0.2
9371,1.0
9372,0.2
9373,0.6
9374,0.2
9375,0.6
9376,0.2
9377,0.2
9378,1.0
9379,1.0
9380,0.2
9381,1.0
9382,0.6
9383,0.2
9384,0.2
9385,0.6
9386,0.2
9387,0.2
9388,0.6
9389,0.2
9390,1.0
9391,1.0
9392,1.0
9393,0.6
9394,0.2
9395,0.6
9396,0.6
9397,0.6
9398,0.6
9399,1.0
9400,0.2
9401,0.6
9402,0.2
9403,1.0
9404,0.2
9405,0.2
9406,1.0
9407,0.2
9408,1.0
9409,1.0
9410,1.0
9411,0.2
9412,1.0
9413,0.2
9414,1.0
9415,1.0
9416,0.6
9417,0.6
9418,0.6
9419,0.6
9420,0.6
9421,0.6
9422,0.2
9423,0.2
9424,0.2
9425,0.6
9426,0.2
9427,0.6
9428,0.2
9429,0.2
9430,1.0
9431,1.0
9432,0.6
9433,0.6
9434,0.2
9435,1.0
9436,1.0
9437,0.2
9438,0.6
9439,0.2
9440,1.0
9441,0.2
9442,0.6
9443,0.6
9444,0.2
9445,0.2
9446,0.2
9447,0.2
9448,0.6
9449,0.2
9450,1.0
9451,1.0
9452,0.2
9453,0.2
9454,0.6
9455,0.6
9456,0.2
9457,0.2
9458,0.2
9459,1.0
9460,0.2
9461,0.2
9462,0.2
9463,0.2
9464,0.2
9465,0.2
9466,1.0
9467,0.6
9468,1.0
9469,0.2
9470,0.6
9471,0.6
9472,0.2
9473,0.6
9474,1.0
9475,0.2
9476,1.0
9477,1.0
9478,0.2
9479,1.0
9480,0.2
9481,1.0
9482,1.0
9483,0.2
9484,0.6
9485,0.6
9486,0.2
9487,0.2
9488,1.0
9489,1.0
9490,1.0
9491,0.2
9492,0.2
9493,1.0
9494,0.2
9495,0.2
9496,0.6
9497,0.2
9498,0.6
9499,0.2
9500,0.6
9501,0.6
9502,0.2
9503,0.2
9504,0.2
9505,0.2
9506,1.0
9507,1.0
9508,0.2
9509,0.2
9510,0.6
9511,1.0
9512,0.2
9513,0.6
9514,0.2
9515,0.2
9516,1.0
9517,0.2
9518,0.6
9519,0.6
9520,0.2
9521,0.6
9522,0.6
9523,0.6
9524,0.6
9525,1.0
9526,0.2
9527,0.2
9528,0.6
9529,0.2
9530,1.0
9531,0.6
9532,0.6
9533,0.6
9534,0.2
9535,0.2
9536,0.6
9537,0.2
9538,0.2
9539,0.6
9540,0.6
9541,1.0
9542,1.0
9543,1.0
9544,0.6
9545,1.0
9546,0.2
9547,0.6
9548,0.2
9549,0.6
9550,0.6
9551,0.2
9552,0.6
9553,0.2
9554,0.6
9555,0.6
9556,0.2
9557,0.2
9558,1.0
9559,1.0
9560,0.6
9561,1.0
9562,0.6
9563,0.6
9564,0.6
9565,0.6
9566,1.0
9567,1.0
9568,0.2
9569,1.0
9570,0.6
9571,1.0
9572,0.2
9573,1.0
9574,0.6
9575,0.2
9576,0.6
9577,1.0
9578,0.2
9579,1.0
9580,0.2
9581,0.2
9582,1.0
9583,0.6
9584,0.6
9585,1.0
9586,0.2
9587,0.2
9588,0.6
9589,0.6
9590,1.0
9591,0.6
9592,0.2
9593,0.6
9594,0.6
9595,1.0
9596,0.6
9597,0.6
9598,0.6
9599,0.2
9600,0.2
9601,0.6
9602,0.6
9603,0.6
9604,0.6
9605,0.2
9606,1.0
9607,0.2
9608,0.2
9609,0.2
9610,1.0
9611,0.2
9612,0.2
9613,0.2
9614,1.0
9615,0.6
9616,0.6
9617,0.2
9618,0.6
9619,0.2
9620,0.2
9621,0.2
9622,0.2
9623,0.2
9624,0.2
9625,0.2
9626,0.2
9627,0.6
9628,0.6
9629,1.0
9630,0.6
9631,0.6
9632,0.2
9633,0.2
9634,0.2
9635,0.6
9636,0.6
9637,0.2
9638,0.2
9639,1.0
9640,1.0
9641,0.6
9642,0.2
9643,0.2
9644,0.2
9645,1.0
9646,1.0
9647,0.6
9648,1.0
9649,0.2
9650,0.2
9651,0.2
9652,1.0
9653,0.6
9654,0.6
9655,0.2
9656,0.2
9657,1.0
9658,1.0
9659,1.0
9660,0.2
9661,0.2
9662,0.2
9663,1.0
9664,0.2
9665,1.0
9666,0.6
9667,0.2
9668,0.2
9669,0.2
9670,0.2
9671,1.0
9672,1.0
9673,1.0
9674,0.2
9675,0.2
9676,0.6
9677,0.2
9678,0.2
9679,0.2
9680,0.2
9681,1.0
9682,0.6
9683,0.6
9684,0.2
9685,0.6
9686,1.0
9687,0.6
9688,0.6
9689,0.2
9690,1.0
9691,0.2
9692,0.2
9693,1.0
9694,1.0
9695,0.6
9696,0.6
9697,0.2
9698,0.2
9699,0.2
9700,0.6
9701,0.6
9702,0.2
9703,1.0
9704,1.0
9705,0.2
9706,0.6
9707,0.2
9708,0.6
9709,1.0
9710,0.2
9711,0.6
9712,1.0
9713,0.2
9714,0.6
9715,0.2
9716,0.2
9717,0.2
9718,0.2
9719,0.6
9720,0.2
9721,0.2
9722,0.6
9723,0.2
9724,1.0
9725,0.6
9726,0.6
9727,1.0
9728,0.6
9729,0.6
9730,0.2
9731,0.2
9732,0.6
9733,0.2
9734,0.2
9735,1.0
9736,0.6
9737,0.6
9738,0.2
9739,0.2
9740,1.0
9741,0.2
9742,0.6
9743,0.2
9744,0.2
9745,1.0
9746,0.2
9747,0.6
9748,1.0
9749,0.6
9750,0.2
9751,0.2
9752,1.0
9753,0.6
9754,1.0
9755,0.2
9756,0.2
9757,0.6
9758,0.6
9759,0.6
9760,1.0
9761,0.2
9762,1.0
9763,0.2
9764,0.6
9765,0.6
9766,0.2
9767,1.0
9768,1.0
9769,1.0
9770,0.6
9771,0.2
9772,1.0
9773,0.2
9774,1.0
9775,0.2
9776,0.2
9777,0.6
9778,0.2
9779,0.2
9780,0.6
9781,0.6
9782,1.0
9783,0.2
9784,1.0
9785,0.2
9786,0.2
9787,0.2
9788,0.6
9789,0.2
9790,0.2
9791,0.6
9792,1.0
9793,1.0
9794,1.0
9795,0.6
9796,1.0
9797,0.2
9798,0.6
9799,1.0
9800,0.2
9801,0.6
9802,0.2
9803,0.2
9804,0.2
9805,0.6
9806,1.0
9807,1.0
9808,0.2
9809,1.0
9810,0.2
9811,0.6
9812,0.2
9813,1.0
9814,0.2
9815,0.6
9816,1.0
9817,0.6
9818,0.2
9819,0.2
9820,0.6
9821,0.6
9822,0.2
9823,0.6
9824,0.6
9825,0.2
9826,1.0
9827,0.2
9828,0.6
9829,0.6
9830,1.0
9831,0.2
9832,0.6
9833,0.2
9834,0.6
9835,0.2
9836,0.2
9837,1.0
9838,0.2
9839,0.6
9840,0.6
9841,1.0
9842,1.0
9843,0.2
9844,0.2
9845,1.0
9846,1.0
9847,0.2
9848,0.6
9849,0.2
9850,1.0
9851,0.6
9852,1.0
9853,0.2
9854,0.2
9855,0.2
9856,0.6
9857,0.2
9858,1.0
9859,0.2
9860,0.2
9861,0.2
9862,0.2
9863,1.0
9864,1.0
9865,1.0
9866,0.2
9867,0.2
9868,0.6
9869,1.0
9870,0.6
9871,0.2
9872,0.2
9873,0.2
9874,1.0
9875,1.0
9876,0.2
9877,0.2
9878,0.6
9879,0.6
9880,0.2
9881,0.6
9882,0.6
9883,0.2
9884,0.6
9885,0.6
9886,0.2
9887,1.0
9888,0.2
9889,0.2
9890,1.0
9891,0.2
9892,0.2
9893,1.0
9894,1.0
9895,0.2
9896,1.0
9897,1.0
9898,0.2
9899,0.2
9900,0.2
9901,0.6
9902,0.6
9903,1.0
9904,1.0
9905,0.6
9906,0.6
9907,0.6
9908,0.2
9909,1.0
9910,0.6
9911,0.2
9912,1.0
9913,0.2
9914,0.2
9915,0.2
9916,0.2
9917,0.2
9918,0.6
9919,0.2
9920,0.2
9921,0.6
9922,1.0
9923,0.2
9924,1.0
9925,0.2
9926,0.2
9927,0.2
9928,0.6
9929,1.0
9930,1.0
9931,0.2
9932,0.2
9933,0.6
9934,0.6
9935,0.6
9936,0.6
9937,0.2
9938,1.0
9939,0.6
9940,0.2
9941,0.2
9942,0.2
9943,0.6
9944,0.2
9945,0.2
9946,0.6
9947,0.2
9948,0.2
9949,0.6
9950,0.2
9951,0.2
9952,0.6
9953,0.6
9954,0.2
9955,0.6
9956,0.2
9957,0.6
9958,1.0
9959,0.6
9960,0.2
9961,1.0
9962,0.2
9963,0.6
9964,0.2
9965,1.0
9966,0.2
9967,0.2
9968,0.2
9969,0.2
9970,0.2
9971,0.2
9972,0.2
9973,0.2
9974,0.2
9975,0.2
9976,1.0
9977,0.6
9978,0.6
9979,0.2
9980,1.0
9981,1.0
9982,0.6
9983,0.2
9984,0.6
9985,1.0
9986,0.2
9987,1.0
9988,0.2
9989,0.6
9990,0.6
9991,1.0
9992,0.2
9993,1.0
9994,0.2
9995,0.2
9996,0.2
9997,0.2
9998,0.6
9999,0.2
10000,0.2
10001,0.2
10002,1.0
10003,0.2
10004,0.2
10005,0.6
10006,0.2
10007,0.6
10008,0.2
10009,0.6
10010,0.6
10011,0.6
10012,0.6
10013,1.0
10014,0.2
10015,0.6
10016,0.2
10017,1.0
10018,0.2
10019,0.6
10020,0.2
10021,0.6
10022,1.0
10023,1.0
10024,0.6
10025,1.0
10026,0.6
10027,1.0
10028,0.2
10029,0.2
10030,0.2
10031,0.6
10032,0.2
10033,0.6
10034,0.2
10035,1.0
10036,1.0
10037,0.6
10038,1.0
10039,1.0
10040,1.0
10041,0.2
10042,0.2
10043,1.0
10044,1.0
10045,1.0
10046,0.6
10047,0.6
10048,0.2
10049,0.6
10050,0.6
10051,0.2
10052,0.2
10053,0.6
10054,0.6
10055,0.2
10056,0.6
10057,0.2
10058,1.0
10059,0.6
10060,0.6
10061,0.2
10062,1.0
10063,0.6
10064,0.2
10065,1.0
10066,0.2
10067,0.6
10068,0.2
10069,0.2
10070,0.6
10071,0.2
10072,0.6
10073,0.6
10074,0.2
10075,0.2
10076,0.6
10077,0.2
10078,1.0
10079,1.0
10080,0.6
10081,0.2
10082,0.6
10083,0.6
10084,0.6
10085,0.6
10086,0.2
10087,0.2
10088,0.2
10089,0.6
10090,0.2
10091,0.6
10092,0.6
10093,0.6
10094,0.2
10095,0.6
10096,1.0
10097,0.2
10098,0.2
10099,0.2
10100,1.0
10101,0.2
10102,0.2
10103,0.6
10104,0.2
10105,0.2
10106,0.2
10107,1.0
10108,0.2
10109,0.2
10110,0.2
10111,1.0
10112,0.6
10113,1.0
10114,0.6
10115,1.0
10116,0.6
10117,0.2
10118,0.6
10119,0.6
10120,0.2
10121,0.2
10122,1.0
10123,1.0
10124,0.2
10125,0.2
10126,1.0
10127,0.2
10128,0.2
10129,1.0
10130,0.6
10131,0.6
10132,1.0
10133,1.0
10134,0.2
10135,0.2
10136,1.0
10137,1.0
10138,0.2
10139,0.2
10140,0.2
10141,0.6
10142,0.2
10143,0.2
10144,0.6
10145,0.2
10146,0.6
10147,0.2
10148,0.2
10149,0.2
10150,1.0
10151,0.2
10152,0.2
10153,0.2
10154,0.2
10155,0.2
10156,0.6
10157,0.2
10158,0.6
10159,0.2
10160,0.2
10161,0.2
10162,0.6
10163,1.0
10164,1.0
10165,1.0
10166,0.2
10167,0.2
10168,0.2
10169,0.2
10170,0.6
10171,1.0
10172,0.6
10173,0.2
10174,0.2
10175,0.2
10176,1.0
10177,1.0
10178,1.0
10179,1.0
10180,1.0
10181,1.0
10182,0.2
10183,0.2
10184,0.6
10185,0.2
10186,0.2
10187,0.2
10188,0.6
10189,0.2
10190,1.0
10191,0.2
10192,0.6
10193,0.2
10194,0.2
10195,0.6
10196,0.2
10197,0.6
10198,0.2
10199,0.6
10200,0.6
10201,1.0
10202,0.2
10203,0.6
10204,0.6
10205,0.6
10206,0.2
10207,1.0
10208,0.2
10209,0.2
10210,0.6
10211,1.0
10212,1.0
10213,0.2
10214,0.2
10215,1.0
10216,0.2
10217,1.0
10218,1.0
10219,1.0
10220,0.2
10221,0.2
10222,1.0
10223,0.2
10224,1.0
10225,0.6
10226,0.2
10227,0.2
10228,1.0
10229,0.2
10230,1.0
10231,0.6
10232,1.0
10233,1.0
10234,1.0
10235,1.0
10236,1.0
10237,0.6
10238,0.6
10239,1.0
10240,1.0
10241,1.0
10242,0.6
10243,1.0
10244,0.2
10245,1.0
10246,0.2
10247,0.2
10248,0.6
10249,0.6
10250,0.2
10251,0.6
10252,0.6
10253,1.0
10254,1.0
10255,0.2
10256,0.2
10257,0.6
10258,1.0
10259,0.2
10260,0.6
10261,1.0
10262,0.2
10263,0.6
10264,0.2
10265,0.2
10266,0.2
10267,0.2
10268,0.2
10269,0.2
10270,0.2
10271,0.6
10272,0.6
10273,0.2
10274,0.2
10275,0.6
10276,1.0
10277,0.6
10278,0.2
10279,0.2
10280,1.0
10281,0.6
10282,0.2
10283,1.0
10284,0.2
10285,0.2
10286,0.6
10287,0.6
10288,1.0
10289,0.2
10290,0.2
10291,0.2
10292,0.6
10293,0.2
10294,1.0
10295,0.6
10296,0.6
10297,0.6
10298,0.6
10299,0.2
10300,0.6
10301,1.0
10302,0.6
10303,0.6
10304,1.0
10305,0.2
10306,1.0
10307,0.2
10308,0.2
10309,0.2
10310,1.0
10311,0.6
10312,1.0
10313,0.2
10314,0.6
10315,0.6
10316,1.0
10317,1.0
10318,0.6
10319,0.2
10320,0.2
10321,0.2
10322,0.2
10323,0.6
10324,0.6
10325,1.0
10326,0.2
10327,0.6
10328,1.0
10329,0.2
10330,0.2
10331,0.2
10332,1.0
10333,0.6
10334,0.2
10335,0.2
10336,0.2
10337,1.0
10338,0.6
10339,0.6
10340,0.6
10341,0.2
10342,0.6
10343,1.0
10344,1.0
10345,0.6
10346,1.0
10347,1.0
10348,0.2
10349,0.6
10350,1.0
10351,0.2
10352,0.2
10353,1.0
10354,0.6
10355,0.6
10356,0.2
10357,0.2
10358,1.0
10359,0.2
10360,0.2
10361,1.0
10362,1.0
10363,1.0
10364,1.0
10365,0.2
10366,0.2
10367,0.2
10368,0.2
10369,0.6
10370,0.6
10371,0.2
10372,0.2
10373,0.6
10374,0.6
10375,0.2
10376,1.0
10377,0.2
10378,0.2
10379,0.2
10380,1.0
10381,0.2
10382,0.2
10383,1.0
10384,1.0
10385,1.0
10386,0.6
10387,0.2
10388,0.2
10389,0.2
10390,0.2
10391,0.2
10392,0.2
10393,0.6
10394,0.6
10395,0.2
10396,0.2
10397,1.0
10398,1.0
10399,0.2
10400,0.2
10401,0.2
10402,0.6
10403,1.0
10404,0.6
10405,0.2
10406,1.0
10407,0.2
10408,1.0
10409,0.2
10410,0.2
10411,0.6
10412,1.0
10413,1.0
10414,1.0
10415,0.2
10416,0.6
10417,0.2
10418,0.2
10419,0.6
10420,0.6
10421,1.0
10422,1.0
10423,1.0
10424,0.6
10425,0.6
10426,0.2
10427,1.0
10428,0.6
10429,0.6
10430,1.0
10431,1.0
10432,0.6
10433,1.0
10434,0.2
10435,0.2
10436,0.2
10437,0.2
10438,0.2
10439,1.0
10440,0.6
10441,1.0
10442,0.2
10443,0.2
10444,0.2
10445,1.0
10446,0.6
10447,0.6
10448,1.0
10449,0.2
10450,0.2
10451,0.6
10452,0.2
10453,0.2
10454,1.0
10455,0.6
10456,0.2
10457,0.2
10458,1.0
10459,0.6
10460,1.0
10461,0.2
10462,0.6
10463,0.2
10464,0.6
10465,0.6
10466,0.2
10467,0.2
10468,0.6
10469,0.6
10470,0.2
10471,0.2
10472,0.6
10473,0.2
10474,0.2
10475,0.2
10476,1.0
10477,1.0
10478,0.2
10479,1.0
10480,0.2
10481,0.2
10482,0.2
10483,0.6
10484,0.6
10485,0.6
10486,0.2
10487,0.6
10488,0.2
10489,0.6
10490,0.2
10491,0.2
10492,0.2
10493,0.2
10494,0.6
10495,1.0
10496,0.2
10497,1.0
10498,0.2
10499,0.6
10500,1.0
10501,0.6
10502,1.0
10503,0.2
10504,0.6
10505,0.6
10506,0.2
10507,0.2
10508,1.0
10509,0.2
10510,1.0
10511,0.2
10512,0.2
10513,1.0
10514,0.2
10515,0.2
10516,1.0
10517,0.2
10518,0.2
10519,0.2
10520,0.2
10521,1.0
10522,0.2
10523,0.2
10524,1.0
10525,0.6
10526,1.0
10527,0.2
10528,1.0
10529,0.2
10530,1.0
10531,0.2
10532,0.2
10533,0.6
10534,0.6
10535,0.2
10536,0.2
10537,0.6
10538,0.2
10539,0.6
10540,0.2
10541,0.2
10542,1.0
10543,0.2
10544,0.2
10545,1.0
10546,0.6
10547,0.2
10548,0.2
10549,0.2
10550,0.2
10551,1.0
10552,0.6
10553,0.6
10554,1.0
10555,1.0
10556,0.6
10557,0.2
10558,0.2
10559,0.2
10560,0.2
10561,0.2
10562,0.6
10563,0.2
10564,0.2
10565,0.6
10566,0.2
10567,0.6
10568,0.2
10569,0.2
10570,0.2
10571,0.6
10572,0.6
10573,0.2
10574,1.0
10575,0.2
10576,0.2
10577,1.0
10578,0.2
10579,1.0
10580,0.6
10581,1.0
10582,0.2
10583,0.2
10584,0.6
10585,1.0
10586,0.2
10587,0.2
10588,1.0
10589,0.2
10590,0.6
10591,0.2
10592,0.2
10593,0.6
10594,0.2
10595,0.2
10596,0.2
10597,0.2
10598,0.6
10599,0.2
10600,0.6
10601,1.0
10602,0.6
10603,0.6
10604,1.0
10605,0.2
10606,1.0
10607,0.2
10608,1.0
10609,1.0
10610,1.0
10611,0.6
10612,0.6
10613,1.0
10614,1.0
10615,0.6
10616,0.2
10617,0.6
10618,0.6
10619,1.0
10620,0.2
10621,0.6
10622,0.2
10623,0.6
10624,0.2
10625,0.6
10626,0.2
10627,0.2
10628,0.2
10629,0.2
10630,0.6
10631,1.0
10632,0.6
10633,0.2
10634,0.2
10635,0.2
10636,0.6
10637,0.6
10638,0.2
10639,0.6
10640,0.6
10641,0.2
10642,0.6
10643,1.0
10644,1.0
10645,0.2
10646,0.2
10647,0.2
10648,0.6
10649,0.6
10650,1.0
10651,0.6
10652,0.6
10653,0.2
10654,1.0
10655,0.2
10656,0.2
10657,0.6
10658,0.2
10659,1.0
10660,1.0
10661,0.2
10662,0.6
10663,1.0
10664,0.2
10665,0.2
10666,0.6
10667,0.2
10668,0.2
10669,0.6
10670,0.2
10671,0.2
10672,0.2
10673,0.6
10674,0.2
10675,1.0
10676,1.0
10677,0.2
10678,0.6
10679,1.0
10680,0.2
10681,0.6
10682,0.2
10683,0.6
10684,0.2
10685,0.2
10686,1.0
10687,0.6
10688,0.2
10689,0.2
10690,0.2
10691,0.2
10692,0.2
10693,0.2
10694,0.2
10695,0.2
10696,0.6
10697,0.2
10698,1.0
10699,0.2
10700,0.6
10701,0.6
10702,1.0
10703,1.0
10704,0.6
10705,0.2
10706,1.0
10707,0.2
10708,0.2
10709,0.2
10710,0.2
10711,1.0
10712,0.2
10713,1.0
10714,1.0
10715,0.6
10716,0.2
10717,0.2
10718,0.2
10719,0.2
10720,0.6
10721,0.2
10722,0.6
10723,0.2
10724,0.6
10725,1.0
10726,1.0
10727,0.2
10728,0.2
10729,0.6
10730,0.2
10731,1.0
10732,0.6
10733,1.0
10734,1.0
10735,1.0
10736,0.6
10737,0.6
10738,1.0
10739,0.6
10740,0.2
10741,0.2
10742,0.6
10743,1.0
10744,1.0
10745,0.2
10746,0.2
10747,0.2
10748,1.0
10749,1.0
10750,0.2
10751,0.2
10752,0.2
10753,0.2
10754,1.0
10755,1.0
10756,0.2
10757,0.2
10758,0.6
10759,0.2
10760,1.0
10761,0.2
10762,1.0
10763,1.0
10764,0.6
10765,0.2
10766,0.2
10767,0.2
10768,0.2
10769,0.2
10770,0.2
10771,0.2
10772,0.2
10773,0.6
10774,0.2
10775,0.6
10776,0.2
10777,0.2
10778,0.2
10779,0.2
10780,0.2
10781,0.2
10782,0.2
10783,0.2
10784,1.0
10785,0.6
10786,0.2
10787,0.6
10788,0.2
10789,1.0
10790,0.2
10791,0.2
10792,0.2
10793,1.0
10794,0.2
10795,0.2
10796,0.2
10797,0.2
10798,1.0
10799,1.0
10800,1.0
10801,0.2
10802,0.2
10803,0.2
10804,0.2
10805,0.6
10806,0.2
10807,0.6
10808,0.6
10809,0.6
10810,0.6
10811,0.6
10812,0.2
10813,0.6
10814,0.2
10815,0.6
10816,1.0
10817,0.6
10818,0.2
10819,0.2
10820,0.2
10821,1.0
10822,1.0
10823,0.2
10824,1.0
10825,0.6
10826,0.6
10827,0.6
10828,1.0
10829,0.2
10830,0.6
10831,0.2
10832,0.2
10833,0.6
10834,0.6
10835,0.2
10836,0.2
10837,0.2
10838,0.2
10839,0.6
10840,1.0
10841,0.6
10842,0.2
10843,1.0
10844,0.6
10845,1.0
10846,0.6
10847,1.0
10848,0.2
10849,0.6
10850,0.6
10851,1.0
10852,0.2
10853,0.6
10854,1.0
10855,0.2
10856,1.0
10857,0.6
10858,1.0
10859,0.6
10860,0.2
10861,0.6
10862,0.6
10863,0.6
10864,0.6
10865,0.6
10866,0.2
10867,0.6
10868,0.6
10869,0.2
10870,0.2
10871,0.2
10872,1.0
10873,1.0
10874,0.6
10875,0.6
10876,1.0
10877,0.2
10878,0.2
10879,0.2
10880,0.2
10881,0.2
10882,0.2
10883,0.6
10884,0.6
10885,1.0
10886,1.0
10887,0.6
10888,1.0
10889,0.6
10890,0.2
10891,0.2
10892,0.2
10893,1.0
10894,0.2
10895,0.2
10896,0.6
10897,1.0
10898,1.0
10899,0.2
10900,0.6
10901,0.2
10902,0.2
10903,0.2
10904,1.0
10905,0.2
10906,0.6
10907,1.0
10908,0.2
10909,1.0
10910,1.0
10911,0.6
10912,0.2
10913,0.6
10914,0.6
10915,0.2
10916,0.2
10917,1.0
10918,1.0
10919,0.6
10920,0.6
10921,0.2
10922,0.6
10923,0.2
10924,0.6
10925,0.2
10926,0.2
10927,0.2
10928,1.0
10929,0.2
10930,0.6
10931,0.2
10932,0.6
10933,0.6
10934,0.2
10935,0.6
10936,1.0
10937,0.6
10938,0.2
10939,0.6
10940,1.0
10941,1.0
10942,0.2
10943,0.2
10944,1.0
10945,0.6
10946,0.2
10947,0.2
10948,0.6
10949,0.2
10950,0.2
10951,0.6
10952,1.0
10953,0.6
10954,0.6
10955,1.0
10956,0.6
10957,0.2
10958,0.6
10959,0.2
10960,0.2
10961,1.0
10962,0.2
10963,0.6
10964,0.2
10965,0.6
10966,0.6
10967,1.0
10968,0.2
10969,1.0
10970,0.2
10971,0.2
10972,0.6
10973,0.2
10974,1.0
10975,0.6
10976,0.2
10977,0.6
10978,1.0
10979,0.2
10980,0.6
10981,0.2
10982,0.2
10983,0.6
10984,0.6
10985,0.2
10986,0.6
10987,1.0
10988,0.6
10989,0.2
10990,0.2
10991,0.6
10992,0.6
10993,0.2
10994,1.0
10995,0.2
10996,0.2
10997,1.0
10998,0.6
10999,0.6
